Function,Algorithm,Best,Mean,Std,Worst
Sphere,SOCIAL,1.2056101691952184e-05,0.00011190951557536311,4.654783143916187e-05,0.00021720148146876683
Sphere,DE,1.434741937493347e-30,2.807303597254721e-29,4.830690472779997e-29,2.0715134408164994e-28
Sphere,PSO,2.0927834959886843e-57,1.2616063804790562e-53,2.6977726011377965e-53,1.2528661080488292e-52
Sphere,GWO,6.072016115077085e-170,6.610948932246809e-165,0.0,1.905559077546921e-163
Schwefel_2_22,SOCIAL,0.2374034494099057,4.332556051698694,1.574979635829804,6.908411996422106
Schwefel_2_22,DE,1.803493830833176e-16,1.0238907291427315e-15,6.066179517538375e-16,2.3416261537906065e-15
Schwefel_2_22,PSO,4.6000759104356226e-23,12.000000000003078,9.451631252505091,40.00000000000003
Schwefel_2_22,GWO,2.4547112491977024e-97,2.209866206156049e-95,3.2751038364723266e-95,1.2817318051786184e-94
Schwefel_1_2,SOCIAL,18.902905008051,102.73176107004437,53.628956032100625,207.4415449195995
Schwefel_1_2,DE,0.0005932011656468281,0.01768112662016711,0.02437684585021023,0.1024077514453801
Schwefel_1_2,PSO,5.700882900402216e-06,5333.334009305983,4582.574960840061,15000.000000586637
Schwefel_1_2,GWO,5.796373441281852e-58,1.513539969746474e-48,7.468511230889826e-48,4.15850168616697e-47
Schwefel_2_21,SOCIAL,0.053982816363291455,5.4710286980790075,2.96609624484085,9.348778169665291
Schwefel_2_21,DE,4.282052633564726,11.275228070382287,6.645427573430683,38.66994921062289
Schwefel_2_21,PSO,4.258784893500257e-05,0.0022159097011711995,0.0042512019933269194,0.02410658881742971
Schwefel_2_21,GWO,5.311515266835353e-43,6.735565973421555e-41,9.884133504900091e-41,4.713441999063625e-40
Rosenbrock,SOCIAL,21.716622022255535,72.38831933942608,79.72809597052006,336.65125407339985
Rosenbrock,DE,15.059912571532374,29.408220751692088,15.87336924579567,77.05021987606784
Rosenbrock,PSO,0.0074980220221904405,12144.50863684021,30545.302452128093,90013.8453991512
Rosenbrock,GWO,25.152345912507712,26.481408489344908,0.5903030674286609,27.94055707833344
Step,SOCIAL,0.0,0.0,0.0,0.0
Step,DE,0.0,0.2,0.7483314773547881,4.0
Step,PSO,0.0,1.3,2.223360819420306,9.0
Step,GWO,0.0,0.0,0.0,0.0
Quartic,SOCIAL,1.1163785184298052e-13,1.1589236143336269e-11,1.8218408798897044e-11,9.559322084984943e-11
Quartic,DE,2.4681188624032528e-45,1.6172846309565889e-09,8.513483575748408e-09,4.745230379456306e-08
Quartic,PSO,4.0435309898096683e-95,1.073741824,2.823893365585421,13.421772800000001
Quartic,GWO,5.092758683996065e-290,4.0141142056987485e-278,0.0,8.792025590849723e-277
Schwefel_2_26,SOCIAL,3639.428197498233,5783.240003794351,1283.1152250407292,8370.424569693154
Schwefel_2_26,DE,1423.2315643973434,2614.1152204209006,667.8137234407931,4301.946536113001
Schwefel_2_26,PSO,2175.934628114708,3677.996109310608,704.5534611891566,5162.273155524089
Schwefel_2_26,GWO,4993.443848984696,6694.2714274208865,720.0935855931821,7756.58191634673
Rastrigin,SOCIAL,0.0011814364684141765,11.761203044925699,10.736941158305772,52.73338869933724
Rastrigin,DE,18.65064037941346,52.61418655515358,29.648635840029495,135.1428944893145
Rastrigin,PSO,49.747907514292876,103.02760079824824,29.23999855714497,156.35006615956553
Rastrigin,GWO,0.0,0.0,0.0,0.0
Ackley,SOCIAL,0.013340308643439602,4.378714245219996,1.9715707788914576,7.064296264698788
Ackley,DE,3.9968028886505635e-15,7.312668988864364e-15,1.5710691013525962e-15,1.1102230246251565e-14
Ackley,PSO,1.4654943925052066e-14,1.2297934327953102,0.9096929732396222,3.283781674865921
Ackley,GWO,3.9968028886505635e-15,4.352074256530614e-15,1.0658141036401504e-15,7.549516567451064e-15
Griewank,SOCIAL,0.0016420422016693026,0.021265933810788507,0.01319122718381342,0.052412585278732826
Griewank,DE,0.0,0.0007396040334114969,0.0022188121002344905,0.007396040334115006
Griewank,PSO,0.0,0.017433975678502252,0.02081512279543688,0.08113805021437248
Griewank,GWO,0.0,0.0002581487284734914,0.0013901734475819673,0.007744461854204743
Penalized,SOCIAL,0.9570727414003051,2.8790467547648126,1.2891737747764989,6.401339990618296
Penalized,DE,3.7453968502199863e-31,0.07625816369224349,0.24162753454992866,0.9369247089927623
Penalized,PSO,1.570544771786639e-32,85334.16193885363,459537.0987986741,2560017.1739607737
Penalized,GWO,0.006603376895762468,0.029365663635928796,0.012375374353714394,0.06503641428001905
Penalized2,SOCIAL,0.0006038894130797581,5.955772630541879,7.293258284647363,28.612516334247704
Penalized2,DE,2.1606786144423985e-30,0.00036624552786279304,0.001972292527417112,0.010987365835883792
Penalized2,PSO,1.3497838043956716e-32,0.03938708426229028,0.1625875623882914,0.9084447206330968
Penalized2,GWO,2.5213893747847937e-06,0.31940766806351306,0.1820861228474615,0.7515898745087569
Foxholes,SOCIAL,0.47220582372761744,0.47220582372768016,1.20988926373016e-13,0.4722058237280619
Foxholes,DE,0.47220582372761694,0.4722058237276169,1.5569533786646923e-16,0.4722058237276171
Foxholes,PSO,0.47220582372761694,0.4722058237276169,1.3291800990276768e-16,0.4722058237276171
Foxholes,GWO,0.47220582372762526,0.47220582372840825,1.0384449579800804e-12,0.47220582373221565
Kowalik,SOCIAL,0.001053776884174854,0.0027817053039521597,0.003075452656107734,0.01831069509057969
Kowalik,DE,0.002110022555316106,0.004628902882971037,0.005369139640096705,0.016579211709773264
Kowalik,PSO,0.0016845898491955297,0.005438288740016001,0.006344613366593166,0.02409254450452859
Kowalik,GWO,0.0010534811058292145,0.005588913677191664,0.006085211383496821,0.016579211714873896
Camel-Back,SOCIAL,-1.0316284534890179,-1.031628453469047,2.3716302478724024e-11,-1.0316284534024043
Camel-Back,DE,-1.0316284534898779,-1.0316284534898774,4.440892098500626e-16,-1.0316284534898779
Camel-Back,PSO,-1.0316284534898779,-1.0316284534898774,4.440892098500626e-16,-1.0316284534898779
Camel-Back,GWO,-1.0316284534845217,-1.0316284527892348,6.0090487016734e-10,-1.031628451167031
Branin,SOCIAL,0.39788735772987494,0.3978873577379708,9.845874675857936e-12,0.39788735777413997
Branin,DE,0.39788735772973816,0.39788735772973816,0.0,0.39788735772973816
Branin,PSO,0.39788735772973816,0.39788735772973816,0.0,0.39788735772973816
Branin,GWO,0.3978873577912907,0.39788739112399313,2.80661698415626e-08,0.39788746133668695
Goldstein-Price,SOCIAL,-251527.4993640284,-212141.24477875483,34293.361153710255,-181779.3909494291
Goldstein-Price,DE,-251636.0,-249327.35951303842,12432.409502711344,-182376.78539115272
Goldstein-Price,PSO,-251636.0,-214697.75220861478,34552.56692578068,-182376.78539115272
Goldstein-Price,GWO,-251636.0,-223932.3141560516,33929.94715601959,-182376.78538586598
Hartman,SOCIAL,-3.862779787321492,-3.862779703475241,3.1626590006721277e-07,-3.862778147755246
Hartman,DE,-3.8627797873326633,-3.8627797873326646,1.3322676295501878e-15,-3.8627797873326633
Hartman,PSO,-3.8627797873326633,-3.8625171875966666,0.0014141428566573479,-3.854901795252734
Hartman,GWO,-3.8627797171708522,-3.860714782222186,0.0034263362248886154,-3.854901706113635
Shekel1,SOCIAL,-3.32236800785439,-3.2842093399333194,0.05835695760524931,-3.1862980201373214
Shekel1,DE,-3.3223680114155156,-3.2389237463020177,0.054627094456081576,-3.2031619183962317
Shekel1,PSO,-3.3223680114155156,-3.24268741906588,0.07504108853736677,-3.0769006148626254
Shekel1,GWO,-3.322367937728821,-3.2805795785552956,0.06572282303467676,-3.123795474312466
Shekel2,SOCIAL,-10.183966185618596,-10.169888338981972,0.017076629549000882,-10.131185516518878
Shekel2,DE,-10.183966190438316,-10.179474953444723,0.017221616562515227,-10.102009725761311
Shekel2,PSO,-10.183966190438316,-10.147010609445555,0.03808463797695841,-10.055275198754101
Shekel2,GWO,-10.183877576093165,-10.14758915113068,0.03135014607377504,-10.055268737992296
Shekel3,SOCIAL,-10.416425316042982,-10.345410740871422,0.07815370454985807,-10.253680614914096
Shekel3,DE,-10.416425330487215,-10.361301642307616,0.06802270456524945,-10.25368067589725
Shekel3,PSO,-10.416425330487215,-10.28830544211927,0.10351218477689597,-10.087900068800085
Shekel3,GWO,-10.41641035993399,-10.37604435629357,0.07616428616010362,-10.087895716653687
Shekel4,SOCIAL,-10.55279087368138,-10.455311548971597,0.08629849635915607,-10.31266883675441
Shekel4,DE,-10.55279087881201,-10.502588027770809,0.05742181562989273,-10.434621391877522
Shekel4,PSO,-10.552790878812008,-10.40453947455025,0.1283480939361329,-10.128968249182886
Shekel4,GWO,-10.552768679848425,-10.4769753562278,0.09292057583944488,-10.128962319243078
