Iteration,Position
0,-21.111298107877303
1,-4.6329757229742
2,-20.626227330313245
3,-7.090906146810921
4,-11.011068687755046
5,-2.5210448719510543
6,-7.48535008424939
7,-1.236957207391116
8,-2.3296122798338077
9,-4.597547271102585
10,-4.883886846950979
11,-2.5578256986559116
12,-4.255078233802408
13,-1.330854789472761
14,-4.043338130481317
15,-0.8800902823408385
16,-4.703871453803375
17,-0.24387884793655495
18,-5.375077967356146
19,0.5988479781803155
20,-6.168717700981623
21,1.6067899851059206
22,-7.974649036387996
23,3.164219281276242
24,-8.559752657198215
25,4.9588835057181955
26,-9.764023564600357
27,6.920964345101505
28,-12.188777521171394
29,9.351327981632224
30,-17.05812082135797
31,13.527007831156615
32,-19.72445957824198
33,17.217741841281665
34,-23.808873230722725
35,22.569530571651796
36,-25.43703829815911
37,26.31644001883042
38,-26.260446075689543
39,26.525118303802067
40,-27.144051238292885
41,25.56037476397463
42,-25.083768374559682
43,24.847737839701168
44,-23.166508963070857
45,25.89397858054951
46,-26.540301452441575
47,26.748161276418305
48,-26.829774040614517
49,27.25607804967715
50,-25.19478590252534
51,-2.394610116811069
52,0.6166625536792724
53,-1.5419248521561366
54,-0.48097732708763985
55,-0.7998471047768565
56,-0.00838788804732149
57,0.9297596085898764
58,0.6104622259729079
59,-0.45511262556800314
60,-0.2928295772899714
61,0.945920001962889
62,0.6941393311190762
63,-0.7018653385647917
64,-2.0528640007713332
65,0.8075584910252969
66,2.5005990091681416
67,-1.9548111014428313
68,-3.2211524871017323
69,2.357894977742281
70,3.165240332587396
71,-4.802557424636325
72,-3.0013693975246882
73,4.228675140812764
74,2.5340042081181484
75,-5.353830211873039
76,3.3901477140765546
77,4.2387804328988175
78,-4.0769780881217805
79,-4.737244994613271
80,3.7991140586813987
81,4.666299310155741
82,-4.742307167817228
83,-4.302324461787437
84,4.775902285815001
85,4.050104144835364
86,-5.847559107391702
87,-5.182620018470571
88,5.671941028437838
89,4.931304959936028
90,-6.8038237020068815
91,-5.914797918285054
92,8.003014692768938
93,5.7238178805037965
94,-12.388068762191773
95,-6.840968024883262
96,14.40951112026033
97,6.799082503362745
98,-15.64380910385006
99,-8.303854680406252
100,15.980378906557021
101,7.310058646389393
102,-12.854718757959603
103,-7.902573827892879
104,9.494988551767609
105,7.831906938854932
106,-10.273677479887146
107,-8.693027415244226
108,11.422891343359625
109,8.281892924570881
110,-12.149972340301119
111,-8.720929063486624
112,7.225925703022044
113,7.977190074546495
114,-7.659108326210938
115,-6.666881227193472
116,7.634990126210804
117,5.932175507824623
118,-7.648872715213151
119,-5.927021119676242
120,7.488583788505087
121,-6.0685589707046885
122,8.393206387469311
123,6.6390003900643295
124,-8.5109125051001
125,-6.70888897315544
126,7.984564361224908
127,4.245809403584436
128,-9.009938139192329
129,-4.53290331684544
130,8.298928899869388
131,-7.850936672808924
132,-8.633814711207123
133,6.3272798926354605
134,8.535947940552834
135,-5.781698953474863
136,-7.816657276298143
137,5.654785407735548
138,7.582322279397864
139,-3.63989077410275
140,-6.811433970012871
141,3.6113434153060586
142,-0.6431653926307331
143,-6.278850949792053
144,0.7340840999270285
145,6.181661292569234
146,-0.3901558064381402
147,-5.417326685156236
148,2.0458167041548214
149,5.2306911939378065
150,-1.491763412773679
151,-0.753547135182816
152,1.8573194335475152
153,2.1096255020307515
154,-1.2140353799484946
155,-1.449777748674034
156,1.5071193704346448
157,1.6111085883986715
158,-1.0828119254201793
159,-1.164352942238538
160,1.2575359094665477
161,1.2666771130627643
162,-0.8476662828442842
163,-0.8461581265007545
164,1.052839529448167
165,1.0787443716711407
166,-0.5593647171406001
167,-0.5106681167753824
168,0.8926940792359228
169,0.844175394141048
170,-0.3513620572923545
171,-0.30832819707990666
172,0.700672225430496
173,0.6691816418860257
174,-0.18178571157517032
175,-0.15524173670443153
176,-2.4043063666580125
177,0.5900000055146635
178,2.536078299015323
179,0.05427136507528885
180,-1.5471724829303497
181,0.4721980012816555
182,1.7611288705471306
183,0.11022073533891563
184,-0.9598673504201727
185,0.3652974248776252
186,1.230006456721315
187,0.12008524705776888
188,-0.5723225648261678
189,0.35767058800752394
190,0.9088104790902611
191,0.15736692661471907
192,-0.2808543245751667
193,0.3129918120566583
194,0.6459594957441035
195,0.1814198704474
196,-0.07664664904153651
197,0.3033664777975722
198,0.5036447816439007
199,0.24373381146860532
200,0.05396906620062353
201,0.2695274950436162
202,0.6778645314148324
203,0.1963528791130809
204,0.5499446807270758
205,0.377718968773085
206,0.4587773062603492
207,0.2635724160622976
208,0.2620880514729793
209,0.30167622262010674
210,0.27270951090914125
211,0.2964192403299451
212,0.30675920471464374
213,0.2506126482893276
214,0.24822027107034117
215,0.2526595750807551
216,0.24203739442883235
217,0.2229347679521351
218,0.22851792661773412
219,0.2117578574790081
220,0.22570304663629717
221,0.19770723865847237
222,0.20389895797016316
223,0.20648414192992368
224,0.1763741385239406
225,0.19781737919617837
226,0.18504642117239664
227,2.786648460369201
228,0.7485148957278037
229,0.7485148957278037
230,0.7485148957278037
231,0.7485148957278037
232,0.7485148957278037
233,0.7485148957278037
234,0.7485148957278037
235,0.7485148957278037
236,0.7485148957278037
237,0.7485148957278037
238,0.7485148957278037
239,0.7485148957278037
240,0.7485148957278037
241,0.7485148957278037
242,0.7485148957278037
243,0.7485148957278037
244,0.7485148957278037
245,0.7485148957278037
246,0.7485148957278037
247,0.7485148957278037
248,0.7485148957278037
249,0.7485148957278037
250,0.7485148957278037
251,-2.5317844520241786
252,-2.5317844520241786
253,-2.5317844520241786
254,-2.5317844520241786
255,-2.5317844520241786
256,-2.5317844520241786
257,-2.5317844520241786
258,-0.19985164514517528
259,-0.19985164514517528
260,-0.19985164514517528
261,-0.19985164514517528
262,-0.19985164514517528
263,0.4691329937944593
264,0.4691329937944593
265,0.2590425219209025
266,0.2590425219209025
267,0.2590425219209025
268,0.2590425219209025
269,0.2590425219209025
270,0.2590425219209025
271,-0.039853940472959426
272,-0.039853940472959426
273,1.1222552837216804
274,1.1222552837216804
275,1.1222552837216804
276,-0.0646826899016581
277,-0.0646826899016581
278,-0.0646826899016581
279,-0.0646826899016581
280,-0.0646826899016581
281,-0.0646826899016581
282,-0.0646826899016581
283,-0.0646826899016581
284,-0.0646826899016581
285,-0.0646826899016581
286,-0.0646826899016581
287,-0.0646826899016581
288,-0.0646826899016581
289,-0.0646826899016581
290,-0.0646826899016581
291,-0.0646826899016581
292,-0.0646826899016581
293,-0.0646826899016581
294,-0.0646826899016581
295,-0.0646826899016581
296,-0.0646826899016581
297,-0.0646826899016581
298,-0.0646826899016581
299,-0.0646826899016581
300,-0.0646826899016581
301,-2.1042504465491896
302,-2.1042504465491896
303,-2.1042504465491896
304,-2.1042504465491896
305,-2.1042504465491896
306,-2.1042504465491896
307,-2.1042504465491896
308,-2.1042504465491896
309,-2.1042504465491896
310,-2.1042504465491896
311,-2.1042504465491896
312,-2.1042504465491896
313,-2.1042504465491896
314,-2.1042504465491896
315,-2.1042504465491896
316,-2.1042504465491896
317,-2.1042504465491896
318,-2.1042504465491896
319,-2.1042504465491896
320,-2.1042504465491896
321,-2.1042504465491896
322,-2.1042504465491896
323,-2.1042504465491896
324,-2.1042504465491896
325,-2.1042504465491896
326,-0.10729952099107937
327,-0.10729952099107937
328,-0.10729952099107937
329,-0.10729952099107937
330,-0.10729952099107937
331,-0.10729952099107937
332,-0.10729952099107937
333,-0.10729952099107937
334,-0.10729952099107937
335,-0.10729952099107937
336,-0.10729952099107937
337,-0.10729952099107937
338,-0.10729952099107937
339,-0.10729952099107937
340,-0.10729952099107937
341,-0.3974567897136942
342,-0.3974567897136942
343,-0.3974567897136942
344,-0.3974567897136942
345,-0.3974567897136942
346,-0.3974567897136942
347,-0.3974567897136942
348,-0.3974567897136942
349,-0.3974567897136942
350,-0.3974567897136942
351,-0.7973017558281084
352,-0.7973017558281084
353,-0.7973017558281084
354,-0.7973017558281084
355,-0.7973017558281084
356,-0.7973017558281084
357,-0.7973017558281084
358,-0.0893618857267684
359,-0.0893618857267684
360,-0.0893618857267684
361,0.5729763075821953
362,-0.8161326036139561
363,-0.8161326036139561
364,-0.8161326036139561
365,-0.8161326036139561
366,-0.8161326036139561
367,-0.8161326036139561
368,-0.8161326036139561
369,-0.8161326036139561
370,-0.8161326036139561
371,-0.8161326036139561
372,-0.8161326036139561
373,-0.8161326036139561
374,-0.8161326036139561
375,-0.8161326036139561
376,-1.9066637897280987
377,-1.9066637897280987
378,-1.9066637897280987
379,-1.9066637897280987
380,-1.9066637897280987
381,-1.9066637897280987
382,-1.9066637897280987
383,-1.9066637897280987
384,-1.9066637897280987
385,-1.9066637897280987
386,-1.9066637897280987
387,-1.9066637897280987
388,-1.9066637897280987
389,-1.9066637897280987
390,-1.9066637897280987
391,-1.9066637897280987
392,-1.9066637897280987
393,-1.9066637897280987
394,-1.9066637897280987
395,-1.9066637897280987
396,-1.9066637897280987
397,-1.9066637897280987
398,-1.9066637897280987
399,-1.9066637897280987
400,-1.9066637897280987
401,2.0714892627822414
402,2.0714892627822414
403,2.0714892627822414
404,2.0714892627822414
405,2.0714892627822414
406,0.7167871903380152
407,0.7167871903380152
408,0.7167871903380152
409,0.7167871903380152
410,0.7167871903380152
411,0.7167871903380152
412,0.7167871903380152
413,0.7167871903380152
414,0.7167871903380152
415,0.7167871903380152
416,0.7167871903380152
417,-1.7007020697249415
418,-2.4476003623866234
419,-2.4476003623866234
420,-2.4476003623866234
421,-5.361594635330982
422,-5.361594635330982
423,-5.361594635330982
424,-5.361594635330982
425,-5.361594635330982
426,-7.36356297904798
427,-7.36356297904798
428,-7.36356297904798
429,-5.218140508332479
430,-5.218140508332479
431,-5.218140508332479
432,-5.218140508332479
433,-5.218140508332479
434,-4.4016478804419865
435,-4.313704709186878
436,-3.0826494482081337
437,-6.300512175362886
438,-6.300512175362886
439,-6.300512175362886
440,-6.300512175362886
441,-6.300512175362886
442,-4.600680023735062
443,-3.705071083976193
444,-3.705071083976193
445,-3.705071083976193
446,-0.5762396269990093
447,-0.5762396269990093
448,-0.5762396269990093
449,-2.0303189225330565
450,-2.0303189225330565
451,3.9783232577873786
452,3.9783232577873786
453,3.9783232577873786
454,3.9783232577873786
455,3.9783232577873786
456,3.9783232577873786
457,1.6998658456314368
458,1.6998658456314368
459,1.6998658456314368
460,1.6998658456314368
461,-1.4976465359481779
462,-1.4976465359481779
463,-4.521477067444371
464,-4.521477067444371
465,-4.521477067444371
466,-1.6359293371968562
467,-1.6359293371968562
468,-3.5565877957300174
469,-5.510081503977193
470,-5.700330422203217
471,-5.700330422203217
472,-5.700330422203217
473,-5.700330422203217
474,-5.700330422203217
475,-5.700330422203217
476,-2.4419859008699816
477,-2.4419859008699816
478,-2.4419859008699816
479,-2.4419859008699816
480,-2.4419859008699816
481,-2.4419859008699816
482,-2.4419859008699816
483,-2.4419859008699816
484,-2.4419859008699816
485,-2.4419859008699816
486,-2.4419859008699816
487,-2.4419859008699816
488,-2.4419859008699816
489,-2.4419859008699816
490,-2.4419859008699816
491,-2.4419859008699816
492,-4.1943106637491505
493,-4.1943106637491505
494,-4.1943106637491505
495,-4.1943106637491505
496,-4.1943106637491505
497,-4.1943106637491505
498,-4.1943106637491505
499,-4.91868403478453
500,-5.719824676387594
501,-1.720178791899892
502,-1.720178791899892
503,-1.720178791899892
504,-1.720178791899892
505,-1.720178791899892
506,-1.720178791899892
507,-1.720178791899892
508,-1.720178791899892
509,-1.720178791899892
510,-1.720178791899892
511,0.9115288132733994
512,2.0105749984515318
513,2.0105749984515318
514,5.136088901682017
515,5.136088901682017
516,5.136088901682017
517,7.594642276099121
518,7.594642276099121
519,9.774579656543326
520,9.774579656543326
521,9.774579656543326
522,9.774579656543326
523,12.417690165629557
524,12.417690165629557
525,12.417690165629557
526,2.5442192049954984
527,2.5442192049954984
528,2.5442192049954984
529,2.5442192049954984
530,2.5442192049954984
531,2.5442192049954984
532,2.5442192049954984
533,2.5442192049954984
534,2.5442192049954984
535,2.5442192049954984
536,2.5442192049954984
537,2.5442192049954984
538,2.5442192049954984
539,2.5442192049954984
540,2.5442192049954984
541,2.5442192049954984
542,2.5442192049954984
543,2.5442192049954984
544,2.5442192049954984
545,2.5442192049954984
546,2.5442192049954984
547,2.5442192049954984
548,2.5442192049954984
549,2.5442192049954984
550,2.5442192049954984
551,2.6799508591580845
552,2.6799508591580845
553,2.6799508591580845
554,2.6799508591580845
555,2.6799508591580845
556,2.6799508591580845
557,2.6799508591580845
558,2.6799508591580845
559,2.6799508591580845
560,2.6799508591580845
561,5.111405778912461
562,5.111405778912461
563,5.111405778912461
564,5.111405778912461
565,5.111405778912461
566,3.4480440245935737
567,3.4480440245935737
568,3.4480440245935737
569,3.4480440245935737
570,3.4480440245935737
571,3.4480440245935737
572,3.4480440245935737
573,3.4480440245935737
574,3.4480440245935737
575,3.4480440245935737
576,1.6937138425483391
577,1.6937138425483391
578,1.6937138425483391
579,1.6937138425483391
580,1.6937138425483391
581,1.6937138425483391
582,1.6937138425483391
583,1.6937138425483391
584,1.6937138425483391
585,1.6937138425483391
586,1.6937138425483391
587,1.6937138425483391
588,1.6937138425483391
589,1.6937138425483391
590,1.6937138425483391
591,1.6937138425483391
592,1.6937138425483391
593,1.6937138425483391
594,1.6937138425483391
595,1.6937138425483391
596,1.6937138425483391
597,1.6937138425483391
598,1.6937138425483391
599,1.6937138425483391
600,1.6937138425483391
601,-2.4858449847288777
602,-2.4858449847288777
603,-3.5745044159164285
604,-3.5745044159164285
605,-3.5745044159164285
606,-3.5745044159164285
607,-3.5745044159164285
608,-3.5745044159164285
609,-3.5745044159164285
610,-3.5745044159164285
611,-6.408993636715834
612,-6.408993636715834
613,-6.408993636715834
614,-6.408993636715834
615,-6.408993636715834
616,-6.408993636715834
617,-4.952942101089173
618,-6.1565764797580265
619,-6.1565764797580265
620,-6.1565764797580265
621,-6.1565764797580265
622,-6.792698589465319
623,-6.792698589465319
624,-3.96644531244734
625,-3.96644531244734
626,-4.210262345782718
627,-4.210262345782718
628,-4.210262345782718
629,-4.210262345782718
630,-4.210262345782718
631,-4.210262345782718
632,-4.210262345782718
633,-4.210262345782718
634,-4.210262345782718
635,-4.210262345782718
636,-4.210262345782718
637,-4.210262345782718
638,-4.210262345782718
639,-5.636957220024336
640,-5.636957220024336
641,1.228235943551626
642,0.5951277785148962
643,0.5951277785148962
644,0.5951277785148962
645,0.5951277785148962
646,0.5951277785148962
647,0.5951277785148962
648,0.5951277785148962
649,0.5951277785148962
650,0.5951277785148962
651,-0.4903357119482244
652,-0.4903357119482244
653,-0.4903357119482244
654,-0.4903357119482244
655,-0.4903357119482244
656,-0.4903357119482244
657,-0.4903357119482244
658,-0.4903357119482244
659,-0.4903357119482244
660,-0.4903357119482244
661,-0.4903357119482244
662,-0.4903357119482244
663,-0.4903357119482244
664,-0.4903357119482244
665,-0.4903357119482244
666,-0.4903357119482244
667,-0.4903357119482244
668,-0.4903357119482244
669,-0.4903357119482244
670,-0.4903357119482244
671,-0.4903357119482244
672,-0.4903357119482244
673,-0.4903357119482244
674,-0.4903357119482244
675,-0.4903357119482244
676,0.049820668344738125
677,0.049820668344738125
678,0.049820668344738125
679,0.049820668344738125
680,0.049820668344738125
681,0.049820668344738125
682,0.049820668344738125
683,0.049820668344738125
684,0.049820668344738125
685,0.049820668344738125
686,0.049820668344738125
687,0.049820668344738125
688,0.049820668344738125
689,0.049820668344738125
690,0.049820668344738125
691,0.049820668344738125
692,0.049820668344738125
693,0.049820668344738125
694,0.049820668344738125
695,0.049820668344738125
696,0.049820668344738125
697,0.049820668344738125
698,0.049820668344738125
699,0.049820668344738125
700,0.049820668344738125
701,0.5689679748386601
702,0.5689679748386601
703,0.5689679748386601
704,0.5689679748386601
705,0.5689679748386601
706,0.5689679748386601
707,0.5689679748386601
708,0.5689679748386601
709,0.5689679748386601
710,0.5689679748386601
711,0.5689679748386601
712,0.5689679748386601
713,0.5689679748386601
714,0.5689679748386601
715,0.5689679748386601
716,0.5689679748386601
717,0.5689679748386601
718,0.5689679748386601
719,0.5689679748386601
720,0.5689679748386601
721,0.5689679748386601
722,0.5689679748386601
723,0.5689679748386601
724,0.5689679748386601
725,0.5689679748386601
726,0.3889469954442058
727,0.3889469954442058
728,0.3889469954442058
729,0.3889469954442058
730,0.3889469954442058
731,0.8712764463666622
732,0.8712764463666622
733,0.8712764463666622
734,0.8712764463666622
735,0.8712764463666622
736,0.8712764463666622
737,0.8712764463666622
738,0.8712764463666622
739,0.8712764463666622
740,0.8712764463666622
741,0.8712764463666622
742,0.8712764463666622
743,0.8712764463666622
744,0.8712764463666622
745,0.8712764463666622
746,0.8712764463666622
747,0.8712764463666622
748,0.8712764463666622
749,0.8712764463666622
750,0.8712764463666622
751,0.25679343485356126
752,0.2767591903457983
753,0.26959072821629926
754,0.27063617800839773
755,0.2706780598824109
756,0.2706744355024535
757,0.2707278408123836
758,0.2707452264555257
759,0.27078053045918565
760,0.27074681007820567
761,0.2583185363132643
762,0.27061866323963724
763,0.2767746105695423
764,0.27784895550567124
765,0.27791814009929483
766,0.2779322058909786
767,0.27802534257573136
768,0.278209764890384
769,0.2781558154630077
770,0.2781143749821634
771,0.27815042606362833
772,0.2781360100054302
773,0.2782199038796974
774,0.2798784139494375
775,0.2800400166835695
776,0.28001844399760056
777,0.26907871969841624
778,0.26904979554093195
779,0.2685689531628189
780,0.2684727442386096
781,0.27006013112298144
782,0.2689494353336971
783,0.2685675356659019
784,0.26853626644804496
785,0.2685296797113759
786,0.2684975871129984
787,0.26841215014747644
788,0.2684109100241329
789,0.2684083686050763
790,0.26845357915357143
791,0.26878205980393516
792,0.26830138134983117
793,0.2681648701070554
794,0.2680458414800532
795,0.2681004036061448
796,0.268052963724243
797,0.2681077439987373
798,0.2682303050572536
799,0.2681457381362534
800,0.2681685081762607
801,0.26816752252736176
802,0.26787556778623717
803,0.26669609290356533
804,0.25743497208609656
805,0.2565690579940737
806,0.2564913778244321
807,0.25636686151012567
808,0.25638692449380457
809,0.2562760906534224
810,0.256128474309942
811,0.25207944911654856
812,0.25585753845609205
813,0.26988888716061643
814,0.27106812248059836
815,0.2694024808743508
816,0.26905730498853364
817,0.2691483393068677
818,0.2691708672046504
819,0.26920234272199917
820,0.2693141624851232
821,0.2674144256412694
822,0.26935408218838
823,0.2695430604319962
824,0.2668152122241324
825,0.2664290004602902
826,0.26647574395053436
827,0.22654321205936223
828,0.26511641176519884
829,0.28001026095182613
830,0.2793601618489018
831,0.2316715091401416
832,0.27695023722677653
833,0.28371037662877324
834,0.28483807291187635
835,0.2849614197944633
836,0.28502112916765165
837,0.284841746910233
838,0.2846067882050982
839,0.28455142649415205
840,0.2845403958339659
841,0.2844615602552389
842,0.28518624211327515
843,0.2841818419210945
844,0.2815619193624925
845,0.2810687637846272
846,0.2810393744075355
847,0.28107281024709424
848,0.2810234094266004
849,0.2809284689060679
850,0.28075511409032966
851,0.28074388899945096
852,0.32476663736903233
853,0.2821318083108948
854,0.27473224480321545
855,0.2740907223899875
856,0.2739352207337817
857,0.2740405693233054
858,0.27392316176280446
859,0.2739908246394675
860,0.2739712509998678
861,0.27417864691421906
862,0.2739452268254612
863,0.27527552058642735
864,0.27548249187998486
865,0.2759246115062215
866,0.27603375470399766
867,0.2759673148436981
868,0.27564789369101866
869,0.2755636668719161
870,0.27585769243169683
871,0.2725737104912459
872,0.24540071401298547
873,0.26026719104549834
874,0.26026719104549834
875,0.26026719104549834
876,1.6992714747720306
877,1.6992714747720306
878,1.6992714747720306
879,3.754276793539427
880,3.754276793539427
881,3.754276793539427
882,5.123854203034449
883,5.123854203034449
884,4.814816200051617
885,4.814816200051617
886,1.5520971440166722
887,1.5520971440166722
888,1.5520971440166722
889,1.5520971440166722
890,1.5520971440166722
891,1.5520971440166722
892,1.5520971440166722
893,1.5520971440166722
894,1.5520971440166722
895,1.5520971440166722
896,1.5520971440166722
897,1.5520971440166722
898,1.5520971440166722
899,1.5520971440166722
900,1.5520971440166722
901,0.6825786605087595
902,0.6825786605087595
903,0.6825786605087595
904,0.6825786605087595
905,0.6825786605087595
906,0.6825786605087595
907,0.6825786605087595
908,0.6825786605087595
909,0.6825786605087595
910,0.6825786605087595
911,0.6825786605087595
912,0.6825786605087595
913,0.6825786605087595
914,0.6825786605087595
915,0.6825786605087595
916,0.6825786605087595
917,0.6825786605087595
918,0.6825786605087595
919,0.6825786605087595
920,0.6825786605087595
921,0.6825786605087595
922,0.6825786605087595
923,0.6825786605087595
924,0.6825786605087595
925,0.6825786605087595
926,0.9761286199104268
927,0.9761286199104268
928,0.9761286199104268
929,-1.1452391137036395
930,-1.1452391137036395
931,0.693614913172711
932,0.693614913172711
933,0.5839018752392966
934,0.5839018752392966
935,0.5839018752392966
936,0.5839018752392966
937,0.5839018752392966
938,0.5839018752392966
939,0.5839018752392966
940,0.5839018752392966
941,0.5839018752392966
942,0.5839018752392966
943,0.5839018752392966
944,1.1541730452099532
945,-0.34062674502379986
946,-0.34062674502379986
947,-0.34062674502379986
948,-0.34062674502379986
949,-0.34062674502379986
950,-0.34062674502379986
951,2.122151650946504
952,2.122151650946504
953,2.122151650946504
954,2.122151650946504
955,2.122151650946504
956,2.122151650946504
957,2.122151650946504
958,2.122151650946504
959,2.122151650946504
960,2.122151650946504
961,2.122151650946504
962,2.122151650946504
963,3.5350737059016426
964,3.5350737059016426
965,3.5350737059016426
966,1.874050168385653
967,0.9035090241244367
968,0.9035090241244367
969,0.9035090241244367
970,-0.9681307785737064
971,-0.9681307785737064
972,-1.6260126222890352
973,-1.6260126222890352
974,-1.6260126222890352
975,-1.6260126222890352
976,-0.4112203695926857
977,-0.4112203695926857
978,-0.4112203695926857
979,-0.4112203695926857
980,-0.4112203695926857
981,1.0684745136685547
982,1.0684745136685547
983,1.0684745136685547
984,1.0684745136685547
985,1.0684745136685547
986,1.0684745136685547
987,1.0684745136685547
988,-1.5569211749678449
989,-1.5569211749678449
990,-1.5569211749678449
991,-1.5569211749678449
992,-1.5569211749678449
993,-1.5569211749678449
994,-1.5569211749678449
995,-1.5569211749678449
996,-1.5569211749678449
997,-1.5569211749678449
998,-1.5569211749678449
999,-1.5569211749678449
1000,-1.5569211749678449
1001,0.2460480136769636
1002,-1.0566391424456594
1003,-1.0566391424456594
1004,-1.0566391424456594
1005,-1.0566391424456594
1006,-1.0566391424456594
1007,-1.0566391424456594
1008,-1.0566391424456594
1009,-1.0566391424456594
1010,-1.0566391424456594
1011,-1.0566391424456594
1012,-1.0566391424456594
1013,-1.0566391424456594
1014,-1.0566391424456594
1015,-1.0566391424456594
1016,-1.0566391424456594
1017,-1.0566391424456594
1018,-1.0566391424456594
1019,-1.0566391424456594
1020,-1.0566391424456594
1021,-1.0566391424456594
1022,-1.0566391424456594
1023,-1.0566391424456594
1024,-1.0566391424456594
1025,-1.0566391424456594
1026,3.0185606400672635
1027,3.0185606400672635
1028,3.0185606400672635
1029,0.40767086054843515
1030,-0.22806967786606736
1031,-0.22806967786606736
1032,-0.22806967786606736
1033,-1.0007776101963841
1034,-1.0007776101963841
1035,-1.0007776101963841
1036,-1.5716215709808379
1037,-1.5716215709808379
1038,-1.5716215709808379
1039,-1.5716215709808379
1040,-1.5716215709808379
1041,-1.5716215709808379
1042,-1.5716215709808379
1043,-1.5716215709808379
1044,-1.5716215709808379
1045,-1.5716215709808379
1046,0.4955890284597644
1047,0.4955890284597644
1048,0.4955890284597644
1049,0.4955890284597644
1050,0.4955890284597644
1051,0.22649154007222932
1052,0.22649154007222932
1053,-0.7200349955159817
1054,-0.7200349955159817
1055,-0.7200349955159817
1056,-0.7200349955159817
1057,-0.7200349955159817
1058,-0.7200349955159817
1059,-0.7200349955159817
1060,-0.7200349955159817
1061,1.4098370346581324
1062,1.4098370346581324
1063,3.833593150773824
1064,3.833593150773824
1065,3.833593150773824
1066,3.833593150773824
1067,3.833593150773824
1068,3.833593150773824
1069,3.833593150773824
1070,3.833593150773824
1071,2.1865859294538827
1072,0.2947009124249035
1073,0.2947009124249035
1074,0.2947009124249035
1075,0.2947009124249035
1076,0.24163239793749328
1077,0.24163239793749328
1078,0.24163239793749328
1079,0.24163239793749328
1080,0.24163239793749328
1081,0.24163239793749328
1082,0.24163239793749328
1083,0.24163239793749328
1084,0.24163239793749328
1085,0.24163239793749328
1086,0.24163239793749328
1087,0.24163239793749328
1088,0.24163239793749328
1089,0.24163239793749328
1090,0.24163239793749328
1091,0.24163239793749328
1092,0.24163239793749328
1093,0.24163239793749328
1094,0.24163239793749328
1095,0.24163239793749328
1096,0.24163239793749328
1097,0.24163239793749328
1098,0.24163239793749328
1099,0.24163239793749328
1100,0.24163239793749328
1101,0.5668544934628866
1102,0.5668544934628866
1103,0.5668544934628866
1104,0.5668544934628866
1105,0.5668544934628866
1106,0.5668544934628866
1107,0.5668544934628866
1108,0.5668544934628866
1109,0.5668544934628866
1110,0.5668544934628866
1111,0.5668544934628866
1112,0.5668544934628866
1113,0.5668544934628866
1114,0.5668544934628866
1115,0.5668544934628866
1116,0.5668544934628866
1117,0.5668544934628866
1118,0.5668544934628866
1119,0.5668544934628866
1120,0.5668544934628866
1121,0.5668544934628866
1122,0.5668544934628866
1123,0.5668544934628866
1124,0.5668544934628866
1125,0.5668544934628866
1126,0.29817971135815124
1127,0.29817971135815124
1128,0.29817971135815124
1129,0.29817971135815124
1130,0.29817971135815124
1131,0.29817971135815124
1132,0.29817971135815124
1133,0.29817971135815124
1134,0.29817971135815124
1135,0.29817971135815124
1136,0.29817971135815124
1137,0.29817971135815124
1138,0.29817971135815124
1139,0.29817971135815124
1140,0.29817971135815124
1141,0.23651056349054864
1142,5.423346133379217
1143,5.423346133379217
1144,5.423346133379217
1145,5.423346133379217
1146,5.423346133379217
1147,3.85834543424069
1148,3.85834543424069
1149,3.85834543424069
1150,3.85834543424069
1151,4.018957762721116
1152,1.8586746341344056
1153,1.990486358149882
1154,1.990486358149882
1155,1.990486358149882
1156,1.990486358149882
1157,1.990486358149882
1158,1.990486358149882
1159,1.990486358149882
1160,1.990486358149882
1161,1.990486358149882
1162,1.990486358149882
1163,1.990486358149882
1164,1.990486358149882
1165,1.990486358149882
1166,-0.49694407496625237
1167,-0.49694407496625237
1168,-0.49694407496625237
1169,-0.49694407496625237
1170,-0.49694407496625237
1171,-0.27999845156014647
1172,2.821464138036115
1173,2.821464138036115
1174,2.821464138036115
1175,1.8182458331654494
1176,2.064235692027791
1177,2.064235692027791
1178,2.064235692027791
1179,2.064235692027791
1180,2.064235692027791
1181,2.064235692027791
1182,2.064235692027791
1183,2.064235692027791
1184,2.064235692027791
1185,2.064235692027791
1186,-0.21580442590620175
1187,-0.21580442590620175
1188,0.29238507403487146
1189,0.29238507403487146
1190,0.29238507403487146
1191,1.6345835603607313
1192,1.6345835603607313
1193,1.6345835603607313
1194,-0.5452092458669853
1195,-0.5452092458669853
1196,-0.5452092458669853
1197,0.8332848851141126
1198,0.8332848851141126
1199,0.8332848851141126
1200,0.8332848851141126
1201,-0.1600701407953444
1202,-0.1600701407953444
1203,-0.1600701407953444
1204,-0.1600701407953444
1205,-0.1600701407953444
1206,-0.1600701407953444
1207,-0.1600701407953444
1208,-0.1600701407953444
1209,-0.1600701407953444
1210,-0.1600701407953444
1211,-0.1600701407953444
1212,-0.1600701407953444
1213,-0.1600701407953444
1214,-0.1600701407953444
1215,0.8290936575347736
1216,0.8290936575347736
1217,0.8290936575347736
1218,0.8290936575347736
1219,0.8290936575347736
1220,2.981718326859734
1221,2.1722548944068967
1222,1.169066107291258
1223,1.169066107291258
1224,1.169066107291258
1225,1.169066107291258
1226,1.297246174850524
1227,1.297246174850524
1228,1.297246174850524
1229,1.297246174850524
1230,1.297246174850524
1231,0.980272150476957
1232,0.9318905861654293
1233,0.9318905861654293
1234,0.9318905861654293
1235,0.9318905861654293
1236,0.9318905861654293
1237,0.9318905861654293
1238,0.9318905861654293
1239,0.9318905861654293
1240,0.9318905861654293
1241,0.9318905861654293
1242,0.9318905861654293
1243,0.9318905861654293
1244,0.9318905861654293
1245,0.9318905861654293
1246,0.9318905861654293
1247,0.9318905861654293
1248,0.9318905861654293
1249,0.9318905861654293
1250,0.9318905861654293
1251,0.9070672214009564
1252,0.9070672214009564
1253,0.7104584096281362
1254,0.3773562365207252
1255,0.2438288579454839
1256,0.20330604315188505
1257,0.18861614983893063
1258,0.18073134843773683
1259,0.17758288548621648
1260,0.17622465122068223
1261,0.17560430684099482
1262,0.17517014807795214
1263,0.17589676013143585
1264,0.17370782797227385
1265,0.17372530403143452
1266,0.17351438315250567
1267,0.1733609202204522
1268,0.1730268781646189
1269,0.17292349791122094
1270,0.1728617164914156
1271,0.17217826351705828
1272,0.17151723080335585
1273,0.17174026150776722
1274,0.17182718673860603
1275,0.1713283729897648
1276,0.1572239846773912
1277,0.1683627054527986
1278,0.1426731326827635
1279,0.16830496801530664
1280,0.1681689427876866
1281,0.17019887286288743
1282,0.17948463621989405
1283,0.17170535716739205
1284,0.1675763919082166
1285,0.1658656046476712
1286,0.1640094076436488
1287,0.16223358950192213
1288,0.16064009420967412
1289,0.15922824302510824
1290,0.15847132801332964
1291,0.15750049214044487
1292,0.16678751048977525
1293,0.17177472613427164
1294,0.16602140492253806
1295,0.16276206342279448
1296,0.16025231144891564
1297,0.15851689845859104
1298,0.15776484589143594
1299,0.15760462041892107
1300,0.1573720929938751
1301,0.15723418326703764
1302,0.552749557576466
1303,0.3290421302417185
1304,0.3290421302417185
1305,0.3290421302417185
1306,0.3290421302417185
1307,0.3290421302417185
1308,0.3290421302417185
1309,0.3290421302417185
1310,0.3290421302417185
1311,0.3290421302417185
1312,0.3290421302417185
1313,0.3290421302417185
1314,0.2936060112914543
1315,0.2936060112914543
1316,0.2936060112914543
1317,0.2936060112914543
1318,0.2936060112914543
1319,0.2936060112914543
1320,0.2936060112914543
1321,0.5278765444270168
1322,0.5278765444270168
1323,0.5278765444270168
1324,0.5278765444270168
1325,0.5278765444270168
1326,0.3776236392831607
1327,0.3776236392831607
1328,0.3776236392831607
1329,0.3776236392831607
1330,0.3776236392831607
1331,0.3776236392831607
1332,0.3776236392831607
1333,0.3776236392831607
1334,0.3776236392831607
1335,0.3776236392831607
1336,0.3776236392831607
1337,0.3776236392831607
1338,0.3776236392831607
1339,0.3776236392831607
1340,0.3776236392831607
1341,0.3776236392831607
1342,0.3776236392831607
1343,0.3776236392831607
1344,0.3776236392831607
1345,0.3776236392831607
1346,0.3776236392831607
1347,0.3776236392831607
1348,0.3776236392831607
1349,0.3776236392831607
1350,0.3776236392831607
1351,0.6826740225024642
1352,0.6826740225024642
1353,0.6826740225024642
1354,0.6826740225024642
1355,0.6826740225024642
1356,0.6826740225024642
1357,0.6826740225024642
1358,0.6826740225024642
1359,0.6826740225024642
1360,0.6826740225024642
1361,0.6826740225024642
1362,0.6826740225024642
1363,0.6826740225024642
1364,0.6826740225024642
1365,0.6826740225024642
1366,0.6826740225024642
1367,0.6826740225024642
1368,0.6826740225024642
1369,0.6826740225024642
1370,0.6826740225024642
1371,0.6826740225024642
1372,0.6826740225024642
1373,0.6826740225024642
1374,0.6826740225024642
1375,0.6826740225024642
1376,-0.10296256043404325
1377,-0.10296256043404325
1378,-0.10296256043404325
1379,-0.10296256043404325
1380,-0.10296256043404325
1381,-0.10296256043404325
1382,-0.10296256043404325
1383,-0.10296256043404325
1384,-0.10296256043404325
1385,-0.10296256043404325
1386,-0.10296256043404325
1387,-0.10296256043404325
1388,-0.10296256043404325
1389,-0.10296256043404325
1390,-0.10296256043404325
1391,-0.10296256043404325
1392,-0.10296256043404325
1393,-0.10296256043404325
1394,-0.10296256043404325
1395,-0.10296256043404325
1396,-0.10296256043404325
1397,-0.10296256043404325
1398,-0.10296256043404325
1399,-0.10296256043404325
1400,-0.10296256043404325
1401,-0.8741339794143331
1402,-0.8741339794143331
1403,-0.8741339794143331
1404,-0.8741339794143331
1405,-0.8741339794143331
1406,-0.8741339794143331
1407,-0.8741339794143331
1408,-0.8741339794143331
1409,-0.8741339794143331
1410,-0.8741339794143331
1411,-0.8741339794143331
1412,-0.8741339794143331
1413,-0.8741339794143331
1414,-0.8741339794143331
1415,-0.8741339794143331
1416,-0.8741339794143331
1417,-0.8741339794143331
1418,-0.8741339794143331
1419,-0.8741339794143331
1420,-0.8741339794143331
1421,-0.8741339794143331
1422,-0.8741339794143331
1423,-0.8741339794143331
1424,-0.8741339794143331
1425,-0.8741339794143331
1426,0.05539765426818657
1427,0.05539765426818657
1428,0.05539765426818657
1429,0.05539765426818657
1430,0.05539765426818657
1431,0.05539765426818657
1432,0.05539765426818657
1433,0.05539765426818657
1434,0.05539765426818657
1435,0.05539765426818657
1436,0.05539765426818657
1437,0.05539765426818657
1438,0.05539765426818657
1439,0.05539765426818657
1440,0.05539765426818657
1441,0.05539765426818657
1442,0.05539765426818657
1443,0.05539765426818657
1444,0.05539765426818657
1445,0.05539765426818657
1446,0.05539765426818657
1447,0.05539765426818657
1448,0.05539765426818657
1449,0.05539765426818657
1450,0.05539765426818657
1451,0.18403230136793924
1452,0.18403230136793924
1453,0.18403230136793924
1454,0.18403230136793924
1455,0.18403230136793924
1456,0.18403230136793924
1457,0.18403230136793924
1458,0.18403230136793924
1459,0.18403230136793924
1460,0.18403230136793924
1461,0.18403230136793924
1462,0.18403230136793924
1463,0.18403230136793924
1464,0.18403230136793924
1465,0.18403230136793924
1466,0.18403230136793924
1467,0.18403230136793924
1468,0.18403230136793924
1469,0.18403230136793924
1470,0.18403230136793924
1471,0.18403230136793924
1472,0.18403230136793924
1473,0.18403230136793924
1474,0.18403230136793924
1475,0.18403230136793924
1476,-0.07749228582797923
1477,-0.07749228582797923
1478,-0.07749228582797923
1479,-0.07749228582797923
1480,-0.07749228582797923
1481,-0.07749228582797923
1482,-0.07749228582797923
1483,-0.07749228582797923
1484,-0.07749228582797923
1485,-0.07749228582797923
1486,-0.07749228582797923
1487,-0.07749228582797923
1488,-0.07749228582797923
1489,-0.07749228582797923
1490,-0.07749228582797923
1491,-0.07749228582797923
1492,-0.07749228582797923
1493,-0.07749228582797923
1494,-0.07749228582797923
1495,-0.07749228582797923
1496,-0.07749228582797923
1497,-0.07749228582797923
1498,-0.07749228582797923
1499,-0.07749228582797923
1500,-0.07749228582797923
1501,-0.07485024613024041
1502,-0.07485024613024041
1503,-0.07485024613024041
1504,-0.07485024613024041
1505,-0.07485024613024041
1506,-0.07485024613024041
1507,-0.07485024613024041
1508,-0.07485024613024041
1509,-0.07485024613024041
1510,-0.07485024613024041
1511,-0.07485024613024041
1512,-0.07485024613024041
1513,-0.07485024613024041
1514,-0.07485024613024041
1515,-0.07485024613024041
1516,-0.07485024613024041
1517,-0.07485024613024041
1518,-0.07485024613024041
1519,-0.07485024613024041
1520,-0.07485024613024041
1521,-0.07485024613024041
1522,-0.07485024613024041
1523,-0.07485024613024041
1524,-0.07485024613024041
1525,-0.07485024613024041
1526,-0.2663707921968533
1527,-0.2663707921968533
1528,-0.2663707921968533
1529,-0.2663707921968533
1530,-0.2663707921968533
1531,-0.2663707921968533
1532,-0.2663707921968533
1533,-0.2663707921968533
1534,-0.2663707921968533
1535,-0.2663707921968533
1536,-0.2663707921968533
1537,-0.2663707921968533
1538,-0.2663707921968533
1539,-0.2663707921968533
1540,-0.2663707921968533
1541,-0.2663707921968533
1542,-0.2663707921968533
1543,-0.2663707921968533
1544,-0.2663707921968533
1545,-0.2663707921968533
1546,-0.2663707921968533
1547,-0.2663707921968533
1548,-0.2663707921968533
1549,-0.2663707921968533
1550,-0.2663707921968533
1551,-0.6878478701073738
1552,-0.6878478701073738
1553,-0.6878478701073738
1554,-0.6878478701073738
1555,-0.6878478701073738
1556,-0.6878478701073738
1557,-0.6878478701073738
1558,-0.6878478701073738
1559,-0.6878478701073738
1560,-0.6878478701073738
1561,-0.6878478701073738
1562,-0.6878478701073738
1563,-0.6878478701073738
1564,-0.6878478701073738
1565,-0.6878478701073738
1566,-0.6878478701073738
1567,-0.6878478701073738
1568,-0.6878478701073738
1569,-0.6878478701073738
1570,-0.6878478701073738
1571,-0.6878478701073738
1572,-0.6878478701073738
1573,-0.6878478701073738
1574,-0.6878478701073738
1575,-0.6878478701073738
1576,0.09849607191391843
1577,0.09849607191391843
1578,0.09849607191391843
1579,0.09849607191391843
1580,0.09849607191391843
1581,0.09849607191391843
1582,0.09849607191391843
1583,0.09849607191391843
1584,0.09849607191391843
1585,0.09849607191391843
1586,0.09849607191391843
1587,0.09849607191391843
1588,0.09849607191391843
1589,0.09849607191391843
1590,0.09849607191391843
1591,0.09849607191391843
1592,0.09849607191391843
1593,0.09849607191391843
1594,0.09849607191391843
1595,0.09849607191391843
1596,0.09849607191391843
1597,0.09849607191391843
1598,0.09849607191391843
1599,0.09849607191391843
1600,0.09849607191391843
1601,-0.26837277498298007
1602,-0.26837277498298007
1603,-0.26837277498298007
1604,-0.26837277498298007
1605,-0.26837277498298007
1606,-0.26837277498298007
1607,-0.26837277498298007
1608,-0.26837277498298007
1609,-0.26837277498298007
1610,-0.26837277498298007
1611,-0.26837277498298007
1612,-0.26837277498298007
1613,-0.26837277498298007
1614,-0.26837277498298007
1615,-0.26837277498298007
1616,-0.26837277498298007
1617,-0.26837277498298007
1618,-0.26837277498298007
1619,-0.26837277498298007
1620,-0.26837277498298007
1621,-0.26837277498298007
1622,-0.26837277498298007
1623,-0.26837277498298007
1624,-0.26837277498298007
1625,-0.26837277498298007
1626,-0.2097457483079604
1627,-0.2097457483079604
1628,-0.2097457483079604
1629,-0.2097457483079604
1630,-0.2097457483079604
1631,-0.18002107212428636
1632,0.08949896101780994
1633,0.08949896101780994
1634,0.08949896101780994
1635,0.08949896101780994
1636,0.08949896101780994
1637,0.08949896101780994
1638,0.08949896101780994
1639,0.08949896101780994
1640,0.08949896101780994
1641,0.08949896101780994
1642,0.08949896101780994
1643,0.08949896101780994
1644,0.08949896101780994
1645,0.08949896101780994
1646,0.08949896101780994
1647,0.08949896101780994
1648,0.08949896101780994
1649,0.08949896101780994
1650,0.08949896101780994
1651,0.2370847206953674
1652,0.2370847206953674
1653,0.23806783228438208
1654,0.24397196188171744
1655,0.23924292680361905
1656,0.24001359135342765
1657,0.243603781779697
1658,0.2428142674628559
1659,0.24116139377380677
1660,0.24350626803944347
1661,0.24464464069658964
1662,0.2500834927664953
1663,0.24777132525746176
1664,0.24805251544854787
1665,0.24876031933006798
1666,0.24981183368652102
1667,0.25026977831650915
1668,0.2508684498869968
1669,0.25120892300141057
1670,0.2514895446883297
1671,0.2516308669933479
1672,0.2597988457656389
1673,0.2546480768357519
1674,0.2531691264505438
1675,0.25240423526316175
1676,0.2525120465001333
1677,0.2497332192686254
1678,0.2798861891232802
1679,0.2810333320276665
1680,0.2609996510105086
1681,0.2664535541915475
1682,0.265891644167374
1683,0.26542916937403166
1684,0.2683047888629774
1685,0.2691567680271993
1686,0.27011324074501336
1687,0.2707659301111562
1688,0.27160140932310256
1689,0.27203562435261913
1690,0.2729486153254201
1691,0.27355491969515494
1692,0.27432125825221393
1693,0.2693226800813185
1694,0.27255932021202134
1695,0.2745807466418537
1696,0.2753369935286476
1697,0.27149773181952
1698,0.273436591520892
1699,0.27464680453102364
1700,0.27531981858283017
1701,0.2757978755322057
1702,0.2820240872932051
1703,0.3113136750755981
1704,0.28103915993678696
1705,0.2814349781596656
1706,0.2757513936725373
1707,0.2789032815010404
1708,0.2717475676785991
1709,0.26323664603595015
1710,0.2560843342311243
1711,0.25346036614310136
1712,0.2500740749474286
1713,0.24891926947454157
1714,0.24727237784503475
1715,0.24613131269515792
1716,0.24540475146975466
1717,0.2445998101187326
1718,0.2442841365700613
1719,0.24395710963712386
1720,0.24352222898767384
1721,0.24322171857386912
1722,0.22518392081254038
1723,0.23168509114540303
1724,0.2322851750614077
1725,0.23392174188509626
1726,0.2328849176976756
1727,0.14832136300959028
1728,0.17072786403676468
1729,0.18795866534882097
1730,0.16301800645057654
1731,0.16368003010057022
1732,0.1496883455107671
1733,0.15057614715842535
1734,0.15094041020116356
1735,0.15018698804078678
1736,0.1493279895910185
1737,0.14841089620174394
1738,0.14760585528269798
1739,0.14710476478828236
1740,0.14647814218495944
1741,0.14598401480906525
1742,0.1462476967680599
1743,0.14672804408962217
1744,0.1466825075567307
1745,0.14671750607787118
1746,0.14666720953823256
1747,0.14681137641334696
1748,0.14720700979961274
1749,0.1478802714556322
1750,0.14745415958818922
1751,0.1544403792411116
1752,0.1563841297060778
1753,0.15047203392332148
1754,0.13889785834949575
1755,0.1472120056083485
1756,0.14328327621320033
1757,0.1419195839048221
1758,0.1398534533190653
1759,0.1398896322788143
1760,0.13963600108638688
1761,0.1393018649840821
1762,0.13931599655221544
1763,0.13879390365669092
1764,0.13922241846425926
1765,0.13969994407448985
1766,0.14047361723150928
1767,0.1409364245633789
1768,0.1415470997449233
1769,0.14189073468410285
1770,0.14231163315217088
1771,0.1424376118632043
1772,0.12132292225710374
1773,0.11944183210904531
1774,0.12943951252845765
1775,0.13434078094520308
1776,0.1371352567449259
1777,0.13528209063583427
1778,0.11903811646860248
1779,0.15056122435961575
1780,0.14455105843008484
1781,0.14100890172268682
1782,0.13846574576424958
1783,0.1369023708969
1784,0.13555870122376978
1785,0.1332583369647942
1786,0.1315499836071177
1787,0.1301422778861152
1788,0.1285670880445584
1789,0.12763828724010223
1790,0.12664807649729823
1791,0.12611155505523527
1792,0.12568458817685385
1793,0.12549251190559232
1794,0.12506264825344512
1795,0.1246899443147422
1796,0.12418471649619324
1797,0.12389763265529659
1798,0.12337817138746324
1799,0.12305125789316966
1800,0.12304183622774058
1801,0.12290995515413186
1802,0.12479700806875677
1803,0.16605327706213388
1804,0.15696006601426146
1805,0.1509542284960739
1806,0.1528578647291406
1807,0.14456025511131101
1808,0.14109281463196044
1809,0.1421410255053332
1810,0.13965180178393705
1811,0.13860020102270962
1812,0.13798427240811503
1813,0.13751543018684662
1814,0.13654165241860594
1815,0.13632211239328787
1816,0.13656327169763438
1817,0.13684882320124908
1818,0.1370354162233578
1819,0.13708001148308863
1820,0.1374084183100546
1821,0.1382274905269069
1822,0.1394987359691987
1823,0.13905414375698427
1824,0.1407746700663988
1825,0.1419680277988759
1826,0.14219351195574767
1827,0.13850843367713228
1828,0.13664260069151288
1829,0.12792042330798767
1830,0.13037341821213844
1831,0.13527411852667226
1832,0.16143978491450917
1833,0.15038610655656254
1834,0.16144355051419784
1835,0.18536952988699767
1836,0.1890199138606417
1837,0.19821803103666552
1838,0.20357530612323596
1839,0.20876897586275076
1840,0.2123315818888955
1841,0.21513242789494486
1842,0.21731900641979265
1843,0.2190017796909805
1844,0.21966201142871689
1845,0.22099658978453446
1846,0.22150661255141726
1847,0.22157582438224202
1848,0.22205508807741262
1849,0.2225140747850245
1850,0.22286127320050966
1851,0.22299440139630167
1852,0.17337030929167083
1853,0.15065473858602296
1854,0.15133686858374848
1855,0.15734675764360317
1856,0.1578727940925744
1857,0.16431133912778814
1858,0.16717124899886276
1859,0.16655101791565205
1860,0.16491666832517926
1861,0.16307020143199882
1862,0.16154007254405023
1863,0.1565246923348433
1864,0.15405039068504364
1865,0.15242643988898477
1866,0.15096916638911667
1867,0.14991420956147627
1868,0.1485118453879156
1869,0.14717180976932848
1870,0.14623518510621783
1871,0.1453877926838766
1872,0.38937631197663863
1873,0.26832831724604
1874,0.26832831724604
1875,0.26832831724604
1876,0.07251959018658763
1877,0.07251959018658763
1878,0.07251959018658763
1879,0.07251959018658763
1880,0.07251959018658763
1881,0.07251959018658763
1882,0.07251959018658763
1883,0.07251959018658763
1884,0.07251959018658763
1885,0.07251959018658763
1886,0.07251959018658763
1887,0.07251959018658763
1888,0.07251959018658763
1889,0.07251959018658763
1890,0.07251959018658763
1891,0.07251959018658763
1892,0.07251959018658763
1893,0.07251959018658763
1894,0.07251959018658763
1895,0.07251959018658763
1896,0.07251959018658763
1897,0.07251959018658763
1898,0.07251959018658763
1899,0.07251959018658763
1900,0.07251959018658763
1901,-0.09120541818484573
1902,-0.09120541818484573
1903,-0.08677091273898077
1904,0.02999664375129445
1905,0.08664446102687133
1906,0.10108994458578989
1907,0.10630368495105193
1908,0.11312232451472316
1909,0.11725754596037001
1910,0.11921690516147886
1911,0.1201343437487624
1912,0.12048297982851305
1913,0.12825355480491762
1914,0.12876042089283754
1915,0.12468488092168803
1916,0.12194198770010492
1917,0.11926840201865975
1918,0.11862206728554352
1919,0.11874566780572605
1920,0.11907525044417677
1921,0.11937433528501716
1922,0.11988712426923905
1923,0.1198339342644184
1924,0.11858350845263867
1925,0.11835437577287991
1926,0.1184999637877569
1927,0.12476536564031411
1928,0.12092199994350064
1929,0.10975976664514318
1930,0.1293079044946716
1931,0.1279136785689935
1932,0.13345451812856196
1933,0.13454318945161486
1934,0.13459994249846138
1935,0.1367101418200358
1936,0.13738414056025047
1937,0.13803070688334593
1938,0.13894825541960096
1939,0.1392875395932149
1940,0.13934499619555887
1941,0.13939046450919784
1942,0.14164683038995657
1943,0.14118365455269452
1944,0.1417039147772112
1945,0.14228055278739152
1946,0.14293909539088603
1947,0.14343873006532537
1948,0.14373911480843796
1949,0.14388460022109936
1950,0.1438465221005064
1951,0.14351746614482608
1952,0.13726879602860662
1953,0.1020829200943947
1954,0.11654920507134306
1955,0.11452198546682366
1956,0.11262511047221345
1957,0.1087667180495068
1958,0.10634769266021435
1959,0.10682706046279156
1960,0.10557934323861368
1961,0.10519137780943186
1962,0.10494413120081036
1963,0.09978531903468765
1964,0.09610413151387828
1965,0.0933452024716541
1966,0.09105904802516379
1967,0.08686542661089368
1968,0.08409320805698478
1969,0.08172537147193654
1970,0.07990652935224163
1971,0.07876226909287878
1972,0.07774032777327781
1973,0.0714564090373585
1974,0.07372540297263717
1975,0.07401243211474608
1976,0.07407043474074652
1977,0.0723420445957639
1978,0.05570452832185865
1979,0.051832380945553765
1980,0.0476168568948321
1981,0.049507430198200336
1982,0.036952128204769674
1983,0.04275751801507546
1984,0.044457951321147056
1985,0.04709426022043568
1986,0.04966491659243963
1987,0.05146862863747177
1988,0.053256234997540834
1989,0.05462403593335124
1990,0.05561578868551753
1991,0.056665677152104466
1992,0.05749586901204333
1993,0.057514357880084334
1994,0.058097514780940385
1995,0.058668542503090775
1996,0.05876962408048353
1997,0.05913874615314093
1998,0.059331441512422214
1999,0.059409572257392365
2000,0.05937896394974373
2001,0.05931539997365108
2002,0.058962047503286305
2003,0.029152814654148797
2004,0.0462015360219065
2005,0.04929045509529039
2006,0.05184022158202981
2007,0.05315551346983561
2008,0.046204128552883625
2009,0.04125642922566254
2010,0.04083791276514856
2011,0.04022418859870036
2012,0.05483280005442924
2013,0.047504315350236845
2014,0.04395245003911268
2015,0.04246644202463108
2016,0.04250498586975875
2017,0.04188936380585722
2018,0.04138257917838478
2019,0.04087738912818431
2020,0.04023550547063837
2021,0.039713358051045186
2022,0.03902884392714948
2023,0.03825600423788437
2024,0.038829411987391024
2025,0.043064625053057734
2026,0.0430987920764943
2027,0.04439744311301994
2028,0.05612012943361155
2029,0.03513326557261115
2030,0.03778290690141193
2031,0.04030045493773055
2032,0.03936237886342609
2033,0.039056973182247816
2034,0.04282519629158297
2035,0.044264029141724996
2036,0.04551203397234904
2037,0.04602954522433189
2038,0.04619331970670444
2039,0.045527299995735966
2040,0.045268411038785775
2041,0.04500757647656747
2042,0.04904276676251563
2043,0.04105585329565548
2044,0.04214064733994285
2045,0.03994684314231305
2046,0.040872475061893676
2047,0.041182963719244584
2048,0.0414689468172333
2049,0.041479578701676914
2050,0.04063640385187391
2051,0.0010669131856554544
2052,-1.1216418689166405
2053,-0.5244937353323211
2054,-0.5244937353323211
2055,-0.5244937353323211
2056,-0.5244937353323211
2057,-0.5244937353323211
2058,-0.5244937353323211
2059,-0.5244937353323211
2060,-0.5244937353323211
2061,-0.6966065507558027
2062,-0.6966065507558027
2063,-0.6966065507558027
2064,-0.6966065507558027
2065,-0.6966065507558027
2066,-0.6966065507558027
2067,-0.6966065507558027
2068,-0.6966065507558027
2069,-0.6966065507558027
2070,-0.6966065507558027
2071,-0.6966065507558027
2072,-0.6966065507558027
2073,-0.6966065507558027
2074,-0.6966065507558027
2075,-0.6966065507558027
2076,-0.07447690815335607
2077,-0.07447690815335607
2078,-0.07447690815335607
2079,-0.07447690815335607
2080,-0.07447690815335607
2081,-0.07447690815335607
2082,-0.07447690815335607
2083,-0.07447690815335607
2084,-0.07447690815335607
2085,-0.07447690815335607
2086,-0.07447690815335607
2087,-0.07447690815335607
2088,-0.07447690815335607
2089,-0.07447690815335607
2090,-0.07447690815335607
2091,-0.07447690815335607
2092,-0.07447690815335607
2093,-0.07447690815335607
2094,-0.07447690815335607
2095,-0.07447690815335607
2096,-0.07447690815335607
2097,-0.07447690815335607
2098,-0.07447690815335607
2099,-0.07447690815335607
2100,-0.07447690815335607
2101,-0.1760550942299737
2102,-0.1760550942299737
2103,-0.1760550942299737
2104,-0.1760550942299737
2105,-0.1760550942299737
2106,-0.1760550942299737
2107,-0.1760550942299737
2108,-0.1760550942299737
2109,-0.1760550942299737
2110,-0.1760550942299737
2111,-0.1760550942299737
2112,-0.1760550942299737
2113,-0.1760550942299737
2114,-0.1760550942299737
2115,-0.1760550942299737
2116,-0.1760550942299737
2117,-0.1760550942299737
2118,-0.1760550942299737
2119,-0.1760550942299737
2120,-0.1760550942299737
2121,-0.1760550942299737
2122,-0.1760550942299737
2123,-0.1760550942299737
2124,-0.1760550942299737
2125,-0.1760550942299737
2126,-0.34497900193393377
2127,-0.34497900193393377
2128,-0.34497900193393377
2129,-0.34497900193393377
2130,-0.34497900193393377
2131,-0.34497900193393377
2132,-0.34497900193393377
2133,-0.34497900193393377
2134,-0.34497900193393377
2135,-0.34497900193393377
2136,-0.34497900193393377
2137,-0.34497900193393377
2138,-0.34497900193393377
2139,-0.34497900193393377
2140,-0.34497900193393377
2141,-0.34497900193393377
2142,-0.34497900193393377
2143,-0.34497900193393377
2144,-0.34497900193393377
2145,-0.34497900193393377
2146,-0.34497900193393377
2147,-0.34497900193393377
2148,-0.34497900193393377
2149,-0.34497900193393377
2150,-0.34497900193393377
2151,-0.10684270314472064
2152,-0.10684270314472064
2153,-0.10684270314472064
2154,-0.10684270314472064
2155,-0.10684270314472064
2156,-0.10684270314472064
2157,-0.10684270314472064
2158,-0.10684270314472064
2159,-0.10684270314472064
2160,-0.10684270314472064
2161,-0.10549671870153048
2162,-0.153873819773999
2163,-0.153873819773999
2164,-0.153873819773999
2165,-0.153873819773999
2166,-0.153873819773999
2167,-0.153873819773999
2168,-0.153873819773999
2169,-0.153873819773999
2170,-0.153873819773999
2171,-0.15240124527448629
2172,-0.07699909467927875
2173,-0.07699909467927875
2174,-0.07699909467927875
2175,-0.07699909467927875
2176,0.12767756310435327
2177,0.12767756310435327
2178,0.12767756310435327
2179,0.12767756310435327
2180,0.12767756310435327
2181,0.12767756310435327
2182,0.12767756310435327
2183,0.12767756310435327
2184,0.12767756310435327
2185,0.12767756310435327
2186,0.12767756310435327
2187,0.12767756310435327
2188,0.12767756310435327
2189,0.12767756310435327
2190,0.12767756310435327
2191,0.12767756310435327
2192,0.12767756310435327
2193,0.12767756310435327
2194,0.12767756310435327
2195,0.12767756310435327
2196,0.12767756310435327
2197,0.12767756310435327
2198,0.12767756310435327
2199,0.12767756310435327
2200,0.12767756310435327
2201,0.2009654895241222
2202,0.2009654895241222
2203,0.2009654895241222
2204,0.2009654895241222
2205,0.2009654895241222
2206,0.2009654895241222
2207,0.2009654895241222
2208,0.2009654895241222
2209,0.2009654895241222
2210,0.2009654895241222
2211,0.2010513310404189
2212,0.1597545828287924
2213,0.1597545828287924
2214,0.1597545828287924
2215,0.1597545828287924
2216,0.1597545828287924
2217,0.1597545828287924
2218,0.1597545828287924
2219,0.1597545828287924
2220,0.1597545828287924
2221,0.1597545828287924
2222,0.1597545828287924
2223,0.1597545828287924
2224,0.1597545828287924
2225,0.1597545828287924
2226,0.18898401895391226
2227,0.18898401895391226
2228,0.18898401895391226
2229,0.18898401895391226
2230,0.18898401895391226
2231,0.18898401895391226
2232,0.18898401895391226
2233,0.18898401895391226
2234,0.18898401895391226
2235,0.18898401895391226
2236,0.18898401895391226
2237,0.18898401895391226
2238,0.18898401895391226
2239,0.18898401895391226
2240,0.18898401895391226
2241,0.18898401895391226
2242,0.18898401895391226
2243,0.18898401895391226
2244,0.18898401895391226
2245,0.18898401895391226
2246,0.18898401895391226
2247,0.18898401895391226
2248,0.18898401895391226
2249,0.18898401895391226
2250,0.18898401895391226
2251,0.27198557970232573
2252,0.27198557970232573
2253,0.27198557970232573
2254,0.27198557970232573
2255,0.27198557970232573
2256,0.27198557970232573
2257,0.27198557970232573
2258,0.27198557970232573
2259,0.27198557970232573
2260,0.27198557970232573
2261,0.27198557970232573
2262,0.27198557970232573
2263,0.27198557970232573
2264,0.27198557970232573
2265,0.27198557970232573
2266,0.27198557970232573
2267,0.27198557970232573
2268,0.27198557970232573
2269,0.27198557970232573
2270,0.27198557970232573
2271,0.2718581961100908
2272,-0.013301419621457373
2273,-0.013301419621457373
2274,-0.013301419621457373
2275,-0.013301419621457373
2276,0.3126093479361331
2277,0.3126093479361331
2278,0.3126093479361331
2279,0.3126093479361331
2280,0.3126093479361331
2281,0.3126093479361331
2282,0.3126093479361331
2283,0.3126093479361331
2284,0.3126093479361331
2285,0.3126093479361331
2286,0.3126093479361331
2287,0.3126093479361331
2288,0.3126093479361331
2289,0.3126093479361331
2290,0.3126093479361331
2291,0.3126093479361331
2292,0.3126093479361331
2293,0.3126093479361331
2294,0.3126093479361331
2295,0.3126093479361331
2296,0.3126093479361331
2297,0.3126093479361331
2298,0.3126093479361331
2299,0.3126093479361331
2300,0.3126093479361331
2301,0.2263788626520503
2302,0.2263788626520503
2303,0.2263788626520503
2304,0.2263788626520503
2305,0.2263788626520503
2306,0.2263788626520503
2307,0.2263788626520503
2308,0.2263788626520503
2309,0.2263788626520503
2310,0.2263788626520503
2311,0.2263788626520503
2312,0.2263788626520503
2313,0.2263788626520503
2314,0.2263788626520503
2315,0.2263788626520503
2316,0.2263788626520503
2317,0.2263788626520503
2318,0.2263788626520503
2319,0.2263788626520503
2320,0.2263788626520503
2321,0.2263788626520503
2322,0.2263788626520503
2323,0.2263788626520503
2324,0.2263788626520503
2325,0.2263788626520503
2326,-1.3270134904277717
2327,-1.3270134904277717
2328,-1.3270134904277717
2329,-1.3270134904277717
2330,-1.3270134904277717
2331,-1.3270134904277717
2332,-0.2723876327634225
2333,-0.2723876327634225
2334,-0.2723876327634225
2335,-0.2723876327634225
2336,-0.2723876327634225
2337,0.7434814412223589
2338,0.7434814412223589
2339,0.7434814412223589
2340,0.7434814412223589
2341,-0.569101259452834
2342,-0.569101259452834
2343,-0.569101259452834
2344,-0.569101259452834
2345,-0.569101259452834
2346,-0.569101259452834
2347,-0.569101259452834
2348,-0.569101259452834
2349,-0.569101259452834
2350,-0.569101259452834
2351,-0.5910192627135751
2352,-0.5910192627135751
2353,-0.5910192627135751
2354,-0.5910192627135751
2355,-0.5910192627135751
2356,-0.5910192627135751
2357,-0.5910192627135751
2358,-0.5910192627135751
2359,-0.5910192627135751
2360,-0.5910192627135751
2361,-0.5910192627135751
2362,-1.5623789228974378
2363,-1.5623789228974378
2364,-1.5623789228974378
2365,-1.37309758137227
2366,-1.37309758137227
2367,-1.37309758137227
2368,-1.37309758137227
2369,-1.37309758137227
2370,-1.37309758137227
2371,-1.37309758137227
2372,-1.37309758137227
2373,-1.37309758137227
2374,-1.37309758137227
2375,-1.37309758137227
2376,-0.5643219585725372
2377,-0.5643219585725372
2378,-0.5643219585725372
2379,-1.7179582274507805
2380,-1.7179582274507805
2381,-1.7179582274507805
2382,-1.7179582274507805
2383,-3.226348215614213
2384,-3.226348215614213
2385,-2.120085514672389
2386,-2.120085514672389
2387,-2.120085514672389
2388,-2.120085514672389
2389,-2.120085514672389
2390,-2.120085514672389
2391,-2.120085514672389
2392,-2.120085514672389
2393,-0.7764375329732474
2394,-0.7764375329732474
2395,-0.7764375329732474
2396,-0.7764375329732474
2397,-0.7764375329732474
2398,-0.7764375329732474
2399,-0.7764375329732474
2400,-0.7764375329732474
2401,-0.2644333733777868
2402,-0.2644333733777868
2403,-0.2644333733777868
2404,-0.2644333733777868
2405,-0.2644333733777868
2406,-0.2644333733777868
2407,-0.2644333733777868
2408,-0.2644333733777868
2409,-0.2644333733777868
2410,-0.2644333733777868
2411,-0.16393203534478412
2412,-0.16393203534478412
2413,-0.16393203534478412
2414,1.172428347421917
2415,-0.23490372696969053
2416,-0.23490372696969053
2417,-0.23490372696969053
2418,-0.23490372696969053
2419,-0.23490372696969053
2420,-0.23490372696969053
2421,-0.23490372696969053
2422,-0.23490372696969053
2423,-0.23490372696969053
2424,-0.23490372696969053
2425,-0.23490372696969053
2426,0.17841335851295434
2427,1.4138665958250072
2428,1.4138665958250072
2429,1.4138665958250072
2430,1.4138665958250072
2431,1.4138665958250072
2432,1.4138665958250072
2433,1.4138665958250072
2434,1.4138665958250072
2435,1.4138665958250072
2436,1.4138665958250072
2437,1.4138665958250072
2438,1.4138665958250072
2439,1.4138665958250072
2440,1.4138665958250072
2441,1.4138665958250072
2442,1.4138665958250072
2443,1.4138665958250072
2444,1.4489204239832256
2445,1.4489204239832256
2446,1.4489204239832256
2447,1.4489204239832256
2448,1.4489204239832256
2449,1.4489204239832256
2450,1.4489204239832256
2451,0.5735462306549871
2452,0.5735462306549871
2453,0.5735462306549871
2454,0.5735462306549871
2455,0.5735462306549871
2456,0.5735462306549871
2457,0.5735462306549871
2458,0.5735462306549871
2459,0.5735462306549871
2460,0.5735462306549871
2461,0.5735462306549871
2462,0.5735462306549871
2463,0.5735462306549871
2464,0.5735462306549871
2465,2.0170855596140624
2466,2.0170855596140624
2467,2.0170855596140624
2468,0.6978334201177889
2469,0.6978334201177889
2470,0.6978334201177889
2471,0.6974923568100511
2472,1.3270994984738174
2473,1.3270994984738174
2474,1.3270994984738174
2475,1.3270994984738174
2476,-1.2733671676266678
2477,-1.2733671676266678
2478,-1.2733671676266678
2479,-1.2733671676266678
2480,-1.2733671676266678
2481,-1.2733671676266678
2482,-1.2733671676266678
2483,-1.2733671676266678
2484,-1.2733671676266678
2485,-1.2733671676266678
2486,-2.1818765392317756
2487,-2.1818765392317756
2488,-2.1818765392317756
2489,-2.1818765392317756
2490,-2.1818765392317756
2491,-2.1818765392317756
2492,-2.1818765392317756
2493,-2.9070778872230174
2494,-2.9070778872230174
2495,-3.626917211239577
2496,-3.626917211239577
2497,-3.626917211239577
2498,-3.626917211239577
2499,-3.626917211239577
2500,-3.626917211239577
2501,-2.031089466349496
2502,-2.031089466349496
2503,-2.031089466349496
2504,-1.79343472119631
2505,-1.79343472119631
2506,-1.79343472119631
2507,-1.79343472119631
2508,-1.79343472119631
2509,-1.79343472119631
2510,-1.79343472119631
2511,-1.79343472119631
2512,-1.79343472119631
2513,-1.79343472119631
2514,-1.79343472119631
2515,-1.79343472119631
2516,-1.79343472119631
2517,-1.79343472119631
2518,-1.79343472119631
2519,-1.79343472119631
2520,-1.79343472119631
2521,-1.79343472119631
2522,-1.79343472119631
2523,-1.79343472119631
2524,-1.79343472119631
2525,-1.79343472119631
2526,-0.6103336879160216
2527,-0.6103336879160216
2528,-0.6103336879160216
2529,-0.6103336879160216
2530,-0.6103336879160216
2531,-0.6103336879160216
2532,-1.5137735281314808
2533,-1.5137735281314808
2534,-1.5137735281314808
2535,-1.5137735281314808
2536,-1.5137735281314808
2537,-1.5137735281314808
2538,-1.5137735281314808
2539,-1.5137735281314808
2540,-1.5137735281314808
2541,-1.2096251235496425
2542,-1.2096251235496425
2543,-1.2096251235496425
2544,-1.2096251235496425
2545,-1.2096251235496425
2546,-1.2096251235496425
2547,-1.2096251235496425
2548,-1.2096251235496425
2549,-0.3241635774122338
2550,-0.3241635774122338
2551,-0.16755987311777745
2552,-0.16755987311777745
2553,-0.16755987311777745
2554,-0.17321360595484617
2555,-0.17321360595484617
2556,-0.17321360595484617
2557,-0.17321360595484617
2558,-0.17321360595484617
2559,0.49212994747122063
2560,0.49212994747122063
2561,0.49212994747122063
2562,0.49212994747122063
2563,0.49212994747122063
2564,0.49212994747122063
2565,0.49212994747122063
2566,0.49212994747122063
2567,0.49212994747122063
2568,0.49212994747122063
2569,0.49212994747122063
2570,0.49212994747122063
2571,0.49212994747122063
2572,0.49212994747122063
2573,0.49212994747122063
2574,0.49212994747122063
2575,0.49212994747122063
2576,0.3738032163515047
2577,0.3738032163515047
2578,0.3738032163515047
2579,0.5963259655326826
2580,0.5963259655326826
2581,0.5963259655326826
2582,0.5963259655326826
2583,0.5963259655326826
2584,0.44654054392897724
2585,0.44654054392897724
2586,0.44654054392897724
2587,0.44654054392897724
2588,0.44654054392897724
2589,0.44654054392897724
2590,0.44654054392897724
2591,0.44654054392897724
2592,0.44654054392897724
2593,0.44654054392897724
2594,0.44654054392897724
2595,0.44654054392897724
2596,0.44654054392897724
2597,0.44654054392897724
2598,0.44654054392897724
2599,0.44654054392897724
2600,0.44654054392897724
2601,0.6326961843903715
2602,0.5979960005587398
2603,0.5979960005587398
2604,0.5979960005587398
2605,0.5979960005587398
2606,0.5979960005587398
2607,0.5979960005587398
2608,0.5979960005587398
2609,0.5979960005587398
2610,0.5979960005587398
2611,0.5979960005587398
2612,0.5979960005587398
2613,0.5979960005587398
2614,0.5979960005587398
2615,0.5979960005587398
2616,0.5979960005587398
2617,0.5979960005587398
2618,0.5979960005587398
2619,0.5979960005587398
2620,0.5979960005587398
2621,0.5979960005587398
2622,0.5979960005587398
2623,0.5979960005587398
2624,0.5979960005587398
2625,0.5979960005587398
2626,0.16833653446414842
2627,0.16833653446414842
2628,0.16833653446414842
2629,0.16833653446414842
2630,0.16833653446414842
2631,0.25597820086595435
2632,0.25597820086595435
2633,0.25597820086595435
2634,0.25597820086595435
2635,0.25597820086595435
2636,0.25597820086595435
2637,0.25597820086595435
2638,0.25597820086595435
2639,0.25597820086595435
2640,0.25597820086595435
2641,0.25597820086595435
2642,0.25597820086595435
2643,0.25597820086595435
2644,0.25597820086595435
2645,0.26871314812423686
2646,0.26871314812423686
2647,0.26871314812423686
2648,0.26871314812423686
2649,0.26871314812423686
2650,0.26871314812423686
2651,0.4065154312671684
2652,0.4065154312671684
2653,0.4065154312671684
2654,-0.8073379789660995
2655,-0.8073379789660995
2656,-1.4710286443137455
2657,-1.4710286443137455
2658,-1.4710286443137455
2659,-1.4710286443137455
2660,-1.4710286443137455
2661,-1.4706929127435715
2662,-0.47092668606156657
2663,-0.47092668606156657
2664,-0.47092668606156657
2665,-0.47092668606156657
2666,-0.47092668606156657
2667,-0.47092668606156657
2668,-0.47092668606156657
2669,-0.47092668606156657
2670,-0.47092668606156657
2671,-0.47092668606156657
2672,-0.47092668606156657
2673,-0.47092668606156657
2674,-0.47092668606156657
2675,-0.47092668606156657
2676,-1.2309248811231808
2677,-1.2309248811231808
2678,-1.2309248811231808
2679,-1.2309248811231808
2680,-1.2309248811231808
2681,-1.2309248811231808
2682,-1.2309248811231808
2683,-1.2309248811231808
2684,-1.2309248811231808
2685,-1.2309248811231808
2686,-1.2309248811231808
2687,-1.2309248811231808
2688,-1.2309248811231808
2689,-1.2309248811231808
2690,-1.2309248811231808
2691,-1.2309248811231808
2692,-1.2309248811231808
2693,-0.10510552398002293
2694,-0.10510552398002293
2695,-0.1739826731659364
2696,-0.1739826731659364
2697,-0.1739826731659364
2698,-0.1739826731659364
2699,-0.1739826731659364
2700,-0.1739826731659364
2701,0.21569360397373644
2702,0.21569360397373644
2703,0.21569360397373644
2704,0.21569360397373644
2705,0.21569360397373644
2706,0.21569360397373644
2707,0.21569360397373644
2708,0.21569360397373644
2709,0.21569360397373644
2710,0.21569360397373644
2711,0.21569360397373644
2712,0.21569360397373644
2713,-0.5919034092072875
2714,-0.5919034092072875
2715,-0.5919034092072875
2716,-0.5919034092072875
2717,-0.5919034092072875
2718,-0.5919034092072875
2719,-0.5919034092072875
2720,-0.4536526525173561
2721,-0.4536526525173561
2722,-0.4536526525173561
2723,-0.4536526525173561
2724,-0.4536526525173561
2725,-1.1903422758419206
2726,-0.5721665315347614
2727,-0.5721665315347614
2728,-0.5721665315347614
2729,-0.5721665315347614
2730,-1.4855896622976776
2731,-1.4855896622976776
2732,-1.9128760772328555
2733,-1.9128760772328555
2734,-1.9128760772328555
2735,-1.9128760772328555
2736,-1.9128760772328555
2737,-1.9128760772328555
2738,-1.9128760772328555
2739,-1.9128760772328555
2740,-1.9128760772328555
2741,-1.9128760772328555
2742,-1.9128760772328555
2743,-1.9128760772328555
2744,-1.9128760772328555
2745,-1.9128760772328555
2746,-1.9128760772328555
2747,-1.9128760772328555
2748,-1.9128760772328555
2749,-1.8348058533941314
2750,-1.8348058533941314
2751,-0.7908770071908162
2752,-0.7908770071908162
2753,-0.7908770071908162
2754,-0.7908770071908162
2755,-0.7908770071908162
2756,-0.7908770071908162
2757,-0.7908770071908162
2758,-0.9021005907179116
2759,-0.9021005907179116
2760,-0.9021005907179116
2761,-0.9021005907179116
2762,-0.9021005907179116
2763,-0.9021005907179116
2764,-0.9021005907179116
2765,-0.9021005907179116
2766,-0.9021005907179116
2767,-0.7407796936832332
2768,0.02842644441777109
2769,0.02842644441777109
2770,0.02842644441777109
2771,0.028454510359448775
2772,0.33304849588315505
2773,0.33304849588315505
2774,0.33304849588315505
2775,0.33304849588315505
2776,0.3258712226247221
2777,0.3258712226247221
2778,0.3258712226247221
2779,0.3258712226247221
2780,0.3258712226247221
2781,0.32587205857759755
2782,0.34964474674634244
2783,0.34964474674634244
2784,0.34964474674634244
2785,0.34964474674634244
2786,0.34964474674634244
2787,0.34964474674634244
2788,0.34964474674634244
2789,0.34964474674634244
2790,0.34964474674634244
2791,0.34964474674634244
2792,0.34964474674634244
2793,0.34964474674634244
2794,0.34964474674634244
2795,0.34964474674634244
2796,0.34964474674634244
2797,0.34964474674634244
2798,0.34964474674634244
2799,0.34964474674634244
2800,0.34964474674634244
2801,0.7622459324201208
2802,0.7622459324201208
2803,0.7622459324201208
2804,0.7622459324201208
2805,0.7622459324201208
2806,0.7622459324201208
2807,0.7622459324201208
2808,0.7622459324201208
2809,0.7622459324201208
2810,0.7622459324201208
2811,0.7622459324201208
2812,0.7622459324201208
2813,0.7622459324201208
2814,0.7622459324201208
2815,0.7622459324201208
2816,0.7622459324201208
2817,0.7622459324201208
2818,0.7622459324201208
2819,0.7622459324201208
2820,0.7622459324201208
2821,0.7622459324201208
2822,0.7622459324201208
2823,0.7622459324201208
2824,0.7622459324201208
2825,0.7622459324201208
2826,0.38120439672926437
2827,0.38120439672926437
2828,0.38120439672926437
2829,0.38120439672926437
2830,0.38120439672926437
2831,0.38120439672926437
2832,0.38120439672926437
2833,0.38120439672926437
2834,0.38120439672926437
2835,0.38120439672926437
2836,0.38120439672926437
2837,0.38120439672926437
2838,0.38120439672926437
2839,0.38120439672926437
2840,0.38120439672926437
2841,0.38120439672926437
2842,0.38120439672926437
2843,0.38120439672926437
2844,0.38120439672926437
2845,0.38120439672926437
2846,0.38120439672926437
2847,0.38120439672926437
2848,0.38120439672926437
2849,0.38120439672926437
2850,0.38120439672926437
2851,0.36600189395992305
2852,0.36600189395992305
2853,0.36600189395992305
2854,0.36600189395992305
2855,0.36600189395992305
2856,0.36600189395992305
2857,0.36600189395992305
2858,0.36600189395992305
2859,0.36600189395992305
2860,0.36600189395992305
2861,0.36600189395992305
2862,0.36600189395992305
2863,0.36600189395992305
2864,0.36600189395992305
2865,0.36600189395992305
2866,0.36600189395992305
2867,0.36600189395992305
2868,0.36600189395992305
2869,0.36600189395992305
2870,0.36600189395992305
2871,0.36600189395992305
2872,0.36600189395992305
2873,0.36600189395992305
2874,0.36600189395992305
2875,0.36600189395992305
2876,0.11513261068980947
2877,0.11513261068980947
2878,0.11513261068980947
2879,0.11513261068980947
2880,0.11513261068980947
2881,0.11514288950716461
2882,0.26101139322406225
2883,0.26101139322406225
2884,0.26101139322406225
2885,0.26101139322406225
2886,0.26101139322406225
2887,0.26101139322406225
2888,0.26101139322406225
2889,0.26101139322406225
2890,0.26101139322406225
2891,0.26101139322406225
2892,0.26101139322406225
2893,0.26101139322406225
2894,0.26101139322406225
2895,0.26101139322406225
2896,0.26101139322406225
2897,0.26101139322406225
2898,0.26101139322406225
2899,0.26101139322406225
2900,0.26101139322406225
2901,1.0502788213718197
2902,1.0502788213718197
2903,1.0502788213718197
2904,1.0502788213718197
2905,1.0502788213718197
2906,1.0502788213718197
2907,1.0502788213718197
2908,1.0502788213718197
2909,1.0502788213718197
2910,1.0502788213718197
2911,1.3160597339414317
2912,1.3160597339414317
2913,1.3160597339414317
2914,1.3160597339414317
2915,1.3160597339414317
2916,1.3160597339414317
2917,1.3160597339414317
2918,1.3160597339414317
2919,1.3160597339414317
2920,1.3160597339414317
2921,2.342721972137678
2922,2.342721972137678
2923,1.2508591179438908
2924,1.2508591179438908
2925,1.2508591179438908
2926,0.7458570555880074
2927,0.7458570555880074
2928,0.7458570555880074
2929,0.7458570555880074
2930,0.7458570555880074
2931,0.7458570555880074
2932,0.7458570555880074
2933,0.7458570555880074
2934,0.7458570555880074
2935,0.7458570555880074
2936,0.7458570555880074
2937,0.7458570555880074
2938,0.7458570555880074
2939,0.7458570555880074
2940,0.7458570555880074
2941,0.7458570555880074
2942,0.7458570555880074
2943,0.7458570555880074
2944,0.7458570555880074
2945,0.7458570555880074
2946,0.7458570555880074
2947,0.7458570555880074
2948,0.7458570555880074
2949,0.7458570555880074
2950,0.7458570555880074
2951,-2.320471880150554
2952,-0.7386875776223408
2953,-0.7386875776223408
2954,-0.7386875776223408
2955,-0.7386875776223408
2956,-0.7386875776223408
2957,-0.7386875776223408
2958,-0.7386875776223408
2959,-0.7386875776223408
2960,-0.7386875776223408
2961,-0.7386875776223408
2962,-0.7386875776223408
2963,-0.7386875776223408
2964,-0.7386875776223408
2965,-0.7386875776223408
2966,-0.7386875776223408
2967,-0.7386875776223408
2968,-0.7386875776223408
2969,-0.7386875776223408
2970,-1.2160880199571218
2971,-1.2160880199571218
2972,-1.2160880199571218
2973,-1.2160880199571218
2974,-1.4557045526988013
2975,-1.5659668372779376
2976,-0.49467290913623185
2977,-0.6855850429939607
2978,0.33765062987543026
2979,0.33765062987543026
2980,0.33765062987543026
2981,0.3376512465322105
2982,0.2961082181724613
2983,0.2961082181724613
2984,0.2961082181724613
2985,0.2961082181724613
2986,0.2961082181724613
2987,0.2961082181724613
2988,0.2961082181724613
2989,0.2961082181724613
2990,0.2961082181724613
2991,0.2961082181724613
2992,0.2961082181724613
2993,0.2961082181724613
2994,0.2961082181724613
2995,0.2961082181724613
2996,0.2961082181724613
2997,0.2961082181724613
2998,0.2961082181724613
2999,0.2961082181724613
3000,0.2961082181724613
3001,0.3586765875757803
3002,0.3586765875757803
3003,0.3586765875757803
3004,0.3586765875757803
3005,0.3586765875757803
3006,0.3586765875757803
3007,0.3586765875757803
3008,0.3586765875757803
3009,0.3586765875757803
3010,0.3586765875757803
3011,0.3586765875757803
3012,0.3586765875757803
3013,0.3586765875757803
3014,0.3586765875757803
3015,0.3586765875757803
3016,0.3586765875757803
3017,0.3586765875757803
3018,0.3586765875757803
3019,0.3586765875757803
3020,0.3586765875757803
3021,0.3586765875757803
3022,0.3586765875757803
3023,0.3586765875757803
3024,0.3586765875757803
3025,0.3586765875757803
3026,0.40043194748232264
3027,0.40043194748232264
3028,0.40043194748232264
3029,0.40043194748232264
3030,0.40043194748232264
3031,0.40043194748232264
3032,0.3915349583903416
3033,0.3915349583903416
3034,0.3915349583903416
3035,0.3915349583903416
3036,0.3915349583903416
3037,0.3915349583903416
3038,0.3915349583903416
3039,0.3915349583903416
3040,0.3915349583903416
3041,0.3915348880536484
3042,0.18063416554760037
3043,0.18063416554760037
3044,0.18063416554760037
3045,0.18063416554760037
3046,0.18063416554760037
3047,0.18063416554760037
3048,0.18063416554760037
3049,0.18063416554760037
3050,0.18063416554760037
3051,0.2766835270498039
3052,0.35666542110458627
3053,0.35666542110458627
3054,0.35666542110458627
3055,0.35666542110458627
3056,0.35666542110458627
3057,0.35666542110458627
3058,0.35666542110458627
3059,0.35666542110458627
3060,0.35666542110458627
3061,0.35666559222829475
3062,0.384111365028848
3063,0.384111365028848
3064,0.384111365028848
3065,0.384111365028848
3066,0.384111365028848
3067,0.384111365028848
3068,0.384111365028848
3069,0.384111365028848
3070,0.384111365028848
3071,0.384111365028848
3072,0.384111365028848
3073,0.384111365028848
3074,0.384111365028848
3075,0.384111365028848
3076,0.5193896088677724
3077,0.5193896088677724
3078,0.5193896088677724
3079,0.5193896088677724
3080,0.5193896088677724
3081,0.5193896088677724
3082,0.5193896088677724
3083,0.5193896088677724
3084,0.5193896088677724
3085,0.5193896088677724
3086,0.5193896088677724
3087,0.5193896088677724
3088,0.5193896088677724
3089,0.5193896088677724
3090,0.5193896088677724
3091,0.5193896088677724
3092,0.5193896088677724
3093,0.5193896088677724
3094,0.5193896088677724
3095,0.5193896088677724
3096,0.5193896088677724
3097,0.5193896088677724
3098,0.5193896088677724
3099,0.5193896088677724
3100,0.5193896088677724
3101,0.4074113137338675
3102,0.4074113137338675
3103,0.4074113137338675
3104,0.4074113137338675
3105,0.4074113137338675
3106,0.4074113137338675
3107,0.4074113137338675
3108,0.4074113137338675
3109,0.4074113137338675
3110,0.4074113137338675
3111,0.4074113137338675
3112,0.4074113137338675
3113,0.4074113137338675
3114,0.4074113137338675
3115,0.4074113137338675
3116,0.4074113137338675
3117,0.4074113137338675
3118,0.4074113137338675
3119,0.4074113137338675
3120,0.4074113137338675
3121,0.4074113137338675
3122,0.4074113137338675
3123,0.4074113137338675
3124,0.4074113137338675
3125,0.4074113137338675
3126,0.44750105693873454
3127,0.44750105693873454
3128,0.44750105693873454
3129,0.44750105693873454
3130,0.44750105693873454
3131,0.44750105693873454
3132,0.44750105693873454
3133,0.44750105693873454
3134,0.44750105693873454
3135,0.44750105693873454
3136,0.44750105693873454
3137,0.44750105693873454
3138,0.44750105693873454
3139,0.44750105693873454
3140,0.44750105693873454
3141,0.44750105693873454
3142,0.44750105693873454
3143,0.44750105693873454
3144,0.44750105693873454
3145,0.44750105693873454
3146,0.44750105693873454
3147,0.44750105693873454
3148,0.44750105693873454
3149,0.44750105693873454
3150,0.44750105693873454
3151,0.38905007727320134
3152,0.38905007727320134
3153,0.38905007727320134
3154,0.38905007727320134
3155,0.38905007727320134
3156,0.38905007727320134
3157,0.38905007727320134
3158,0.38905007727320134
3159,0.38905007727320134
3160,0.38905007727320134
3161,0.38905007727320134
3162,0.38905007727320134
3163,0.38905007727320134
3164,0.38905007727320134
3165,0.38905007727320134
3166,0.38905007727320134
3167,0.38905007727320134
3168,0.38905007727320134
3169,0.38905007727320134
3170,0.38905007727320134
3171,0.3890500664014367
3172,0.4629080337366576
3173,0.4629080337366576
3174,0.4629080337366576
3175,0.4629080337366576
3176,0.4133481189520993
3177,0.4133481189520993
3178,0.4133481189520993
3179,0.4133481189520993
3180,0.4133481189520993
3181,-0.08400100271716021
3182,-0.08400100271716021
3183,-0.08400100271716021
3184,-0.08400100271716021
3185,-0.08400100271716021
3186,-0.08400100271716021
3187,-0.08400100271716021
3188,-0.08400100271716021
3189,-0.08400100271716021
3190,-0.08400100271716021
3191,-0.24386573393789218
3192,-0.24386573393789218
3193,-0.24386573393789218
3194,-0.24386573393789218
3195,-0.24386573393789218
3196,-0.24386573393789218
3197,-0.24386573393789218
3198,-0.24386573393789218
3199,-0.24386573393789218
3200,-0.24386573393789218
3201,0.12517450744868655
3202,0.12517450744868655
3203,0.12517450744868655
3204,0.12517450744868655
3205,0.12517450744868655
3206,0.12517450744868655
3207,0.12517450744868655
3208,0.12517450744868655
3209,0.12517450744868655
3210,0.12517450744868655
3211,0.12517450744868655
3212,0.12517450744868655
3213,0.12517450744868655
3214,0.12517450744868655
3215,0.12517450744868655
3216,0.12517450744868655
3217,0.12517450744868655
3218,0.12517450744868655
3219,0.12517450744868655
3220,0.12517450744868655
3221,0.12517450744868655
3222,0.12517450744868655
3223,0.12517450744868655
3224,0.12517450744868655
3225,0.12517450744868655
3226,0.312668757479137
3227,0.312668757479137
3228,0.312668757479137
3229,0.312668757479137
3230,0.312668757479137
3231,0.312668757479137
3232,0.312668757479137
3233,0.312668757479137
3234,0.312668757479137
3235,0.312668757479137
3236,0.312668757479137
3237,0.312668757479137
3238,0.312668757479137
3239,0.312668757479137
3240,0.312668757479137
3241,0.312668757479137
3242,0.312668757479137
3243,0.312668757479137
3244,0.312668757479137
3245,0.312668757479137
3246,0.312668757479137
3247,0.312668757479137
3248,0.312668757479137
3249,0.312668757479137
3250,0.312668757479137
3251,0.3569672653765189
3252,0.3569672653765189
3253,0.3569672653765189
3254,0.3569672653765189
3255,0.3569672653765189
3256,0.3569672653765189
3257,0.3569672653765189
3258,0.3569672653765189
3259,0.3569672653765189
3260,0.3569672653765189
3261,0.3569672653765189
3262,0.3569672653765189
3263,0.3569672653765189
3264,0.3569672653765189
3265,0.3569672653765189
3266,0.3569672653765189
3267,0.3569672653765189
3268,0.3569672653765189
3269,0.3569672653765189
3270,0.3569672653765189
3271,0.3569672653765189
3272,0.3569672653765189
3273,0.3569672653765189
3274,0.3569672653765189
3275,0.3569672653765189
3276,0.35606741071680015
3277,0.35606741071680015
3278,0.35606741071680015
3279,0.35606741071680015
3280,0.35606741071680015
3281,0.35606741071680015
3282,0.35606741071680015
3283,0.35606741071680015
3284,0.35606741071680015
3285,0.35606741071680015
3286,0.35606741071680015
3287,0.35606741071680015
3288,0.35606741071680015
3289,0.35606741071680015
3290,0.35606741071680015
3291,0.35606741071680015
3292,0.35606741071680015
3293,0.35606741071680015
3294,0.35606741071680015
3295,0.35606741071680015
3296,0.35606741071680015
3297,0.35606741071680015
3298,0.35606741071680015
3299,0.35606741071680015
3300,0.35606741071680015
3301,0.3947383133120698
3302,0.3947383133120698
3303,0.3947383133120698
3304,0.3947383133120698
3305,0.3947383133120698
3306,0.3947383133120698
3307,0.3947383133120698
3308,0.3947383133120698
3309,0.3947383133120698
3310,0.3947383133120698
3311,0.3947383133120698
3312,0.3947383133120698
3313,0.3947383133120698
3314,0.3947383133120698
3315,0.3947383133120698
3316,0.3947383133120698
3317,0.3947383133120698
3318,0.3947383133120698
3319,0.3947383133120698
3320,0.3947383133120698
3321,0.3947383133120698
3322,0.3947383133120698
3323,0.3947383133120698
3324,0.3947383133120698
3325,0.3947383133120698
3326,0.42397333306860396
3327,0.42397333306860396
3328,0.42397333306860396
3329,0.42397333306860396
3330,0.42397333306860396
3331,0.42397333306860396
3332,0.42397333306860396
3333,0.42397333306860396
3334,0.42397333306860396
3335,0.42397333306860396
3336,0.42397333306860396
3337,0.42397333306860396
3338,0.42397333306860396
3339,0.42397333306860396
3340,0.42397333306860396
3341,0.42397333306860396
3342,0.42397333306860396
3343,0.42397333306860396
3344,0.42397333306860396
3345,0.42397333306860396
3346,0.42397333306860396
3347,0.42397333306860396
3348,0.42397333306860396
3349,0.42397333306860396
3350,0.42397333306860396
3351,0.40839301997422367
3352,0.40839301997422367
3353,0.40839301997422367
3354,0.40839301997422367
3355,0.40839301997422367
3356,0.40839301997422367
3357,0.40839301997422367
3358,0.40839301997422367
3359,0.40839301997422367
3360,0.40839301997422367
3361,0.40839301997422367
3362,0.40839301997422367
3363,0.40839301997422367
3364,0.40839301997422367
3365,0.40839301997422367
3366,0.40839301997422367
3367,0.40839301997422367
3368,0.40839301997422367
3369,0.40839301997422367
3370,0.40839301997422367
3371,0.40839301997422367
3372,0.40839301997422367
3373,0.40839301997422367
3374,0.40839301997422367
3375,0.40839301997422367
3376,0.3725537065941209
3377,0.3725537065941209
3378,0.3725537242332435
3379,0.38919686436526796
3380,0.3891968655814578
3381,0.39112149382412675
3382,0.39161700423957935
3383,0.39159879530528174
3384,0.39149874401989365
3385,0.3913643097921234
3386,0.3912214671778527
3387,0.391100315567273
3388,0.39101297408974156
3389,0.39094768211123715
3390,0.3908983510460256
3391,0.390868688218016
3392,0.39084495265493857
3393,0.3911397593041424
3394,0.39130177619167783
3395,0.39140664219399596
3396,0.3914748551335327
3397,0.3915112322330044
3398,0.3915294850135866
3399,0.39154626049173136
3400,0.3915553636212543
3401,0.3915621095941896
3402,0.3539744620861324
3403,0.3779217078132278
3404,0.3779217078132278
3405,0.3779217078132278
3406,0.3779217078132278
3407,0.3779217078132278
3408,0.3779217078132278
3409,0.3779217078132278
3410,0.3779217078132278
3411,0.3779217078132278
3412,0.3779217078132278
3413,0.3779217078132278
3414,0.3779217078132278
3415,0.3779217078132278
3416,0.3779217078132278
3417,0.3779217078132278
3418,0.3779217078132278
3419,0.3779217078132278
3420,0.3779217078132278
3421,0.3779217078132278
3422,0.3779217078132278
3423,0.3779217078132278
3424,0.3779217078132278
3425,0.3779217078132278
3426,0.4321186506975444
3427,0.4321186506975444
3428,0.4321186506975444
3429,0.4321186506975444
3430,0.4321186506975444
3431,0.4321186506975444
3432,0.4321186506975444
3433,0.4321186506975444
3434,0.4321186506975444
3435,0.4321186506975444
3436,0.4321186506975444
3437,0.4321186506975444
3438,0.4321186506975444
3439,0.4321186506975444
3440,0.4321186506975444
3441,0.9085331760583146
3442,0.9085331760583146
3443,0.9288292805622769
3444,0.9288292805622769
3445,0.9288292805622769
3446,1.4791645211503308
3447,1.4791645211503308
3448,1.4791645211503308
3449,1.4791645211503308
3450,1.4791645211503308
3451,0.8467665874504097
3452,0.8467665874504097
3453,0.8467665874504097
3454,0.8467665874504097
3455,0.8467665874504097
3456,0.8467665874504097
3457,0.8467665874504097
3458,0.8467665874504097
3459,0.8467665874504097
3460,0.8467665874504097
3461,0.8467664410469607
3462,0.5744788004952809
3463,0.5744788004952809
3464,0.5744788004952809
3465,0.5744788004952809
3466,0.5744788004952809
3467,0.5744788004952809
3468,0.5744788004952809
3469,0.5744788004952809
3470,0.5744788004952809
3471,0.5744788004952809
3472,0.5744788004952809
3473,0.5744788004952809
3474,0.5744788004952809
3475,0.5744788004952809
3476,0.5864400356153504
3477,0.5864400356153504
3478,0.5864400356153504
3479,0.5864400356153504
3480,0.5864400356153504
3481,0.5864400356153504
3482,0.5864400356153504
3483,0.5864400356153504
3484,0.5864400356153504
3485,0.5864400356153504
3486,0.5864400356153504
3487,0.5864400356153504
3488,0.5864400356153504
3489,0.5864400356153504
3490,0.5864400356153504
3491,0.5864400356153504
3492,0.5864400356153504
3493,0.5864400356153504
3494,0.5864400356153504
3495,0.5864400356153504
3496,0.5864400356153504
3497,0.5864400356153504
3498,0.5864400356153504
3499,0.5864400356153504
