Iteration,Average_Fitness
0,98708.79607993178
1,51430.54560893654
2,43893.71434480919
3,34469.357431569966
4,28248.985341241125
5,22975.67396218382
6,18660.211325734548
7,16091.945229490038
8,14777.261465797925
9,14207.62335360744
10,13983.26659471985
11,13769.904914274126
12,13222.730195883312
13,13295.260148240603
14,13431.00256180638
15,13535.521363075126
16,13700.582821502088
17,13847.000516254207
18,14029.777959666802
19,14212.311216619692
20,14487.908939237024
21,14703.452429834864
22,14069.391009626637
23,14311.473541720854
24,14475.177524394778
25,14558.721272555764
26,11243.118331359256
27,5839.808051684847
28,5526.9543018838285
29,5223.944146797812
30,5057.892306206948
31,4904.0882357284145
32,4806.009063955805
33,4708.642627014173
34,4758.474224861795
35,4692.682276977937
36,4633.698702581408
37,4553.32031607139
38,4526.776602622223
39,4529.517668657119
40,4555.235717161346
41,4600.660294514045
42,4632.560366335345
43,4816.4026111550165
44,5120.032609426651
45,5315.82957359856
46,5408.748225824916
47,5670.933383277916
48,5916.6984592870185
49,6236.129109443623
50,6557.842658195001
51,7672.061774133416
52,2552.324848987148
53,2762.6663542497304
54,2988.4959720246097
55,3442.9343110135696
56,3859.815694740739
57,4408.8884698992
58,5001.776658857013
59,5933.238700464759
60,6790.440576135618
61,7941.578388879928
62,8428.251814147294
63,9156.240779824619
64,9723.560728889386
65,10566.35796720133
66,10728.538385919932
67,11673.97510335686
68,12183.059436399475
69,13130.2527820379
70,13311.121226282065
71,14469.659368721786
72,14787.303523735596
73,15889.27085363719
74,16345.016456239628
75,17594.78974522533
76,11813.455684833905
77,7619.005534121077
78,8432.933624809655
79,8791.6865935925
80,9482.81972168573
81,10027.838340535242
82,9975.518122596428
83,10447.569930724794
84,11234.028088563444
85,11657.658366658841
86,12504.181887912173
87,13019.843708685361
88,13587.695710193217
89,14078.004908961915
90,14696.790979306288
91,15347.231226594837
92,16467.006319195953
93,17046.994021416736
94,18156.31570119308
95,18591.157015674144
96,19395.099647617306
97,19923.891173931752
98,20664.57632895675
99,21395.907283310462
100,22187.22135648313
101,16150.719222647209
102,11694.44527395636
103,11447.574604810368
104,11943.31458706608
105,11987.795455360058
106,12517.415912713303
107,12670.034236182542
108,12898.90972565539
109,12791.400434889509
110,13173.669878851755
111,13237.85923455471
112,13300.832229474066
113,13368.75151165062
114,13925.179036581618
115,14016.930707445343
116,14608.038478209215
117,14574.948486848889
118,15265.124949100571
119,15348.042692415622
120,15839.477438170876
121,15923.186327878013
122,16203.642796804712
123,16151.963310603343
124,16691.095123727366
125,16759.872426985083
126,14497.146891992958
127,8948.989335689688
128,8848.354060377282
129,9082.700165990576
130,9029.351637228401
131,9288.833529837491
132,8777.687828266473
133,8655.019216880144
134,8658.655246383545
135,8773.561309935065
136,8760.29413015201
137,8936.362669956665
138,9022.749759876662
139,9241.691033193067
140,9244.640323959422
141,9441.875459633615
142,8822.51715831675
143,8871.724287246652
144,8945.276100061881
145,9039.3732928634
146,9110.898986806265
147,9175.379897020475
148,9220.924493955801
149,9246.833106962924
150,9327.694078891565
151,10784.396348451528
152,5200.559600498042
153,5176.5947302086015
154,5210.621526842739
155,5281.799174873287
156,5371.353495140442
157,5407.378836552883
158,5443.023394853948
159,5472.240796334994
160,5529.281643337798
161,5618.91817180742
162,5546.2344492204875
163,5583.1093929389635
164,5656.610482756633
165,5713.043465354864
166,5765.578285102095
167,5862.390690042788
168,5929.956991582927
169,5922.0141763985
170,5982.936891983342
171,6041.534620585195
172,5735.347172767725
173,5772.864717663764
174,5822.484198795948
175,5910.7836518673475
176,8160.927689023234
177,3311.5670293832254
178,3331.87958684969
179,3394.4728057487396
180,3476.534106489055
181,3530.8988507092404
182,3485.8318082961914
183,3535.4753374556776
184,3599.295401466213
185,3675.0845469538635
186,3776.726863225326
187,3799.969897231927
188,3848.5845402099394
189,3933.7956466151772
190,4027.6188779616987
191,4132.15946849912
192,4087.6387853042625
193,4148.901612678059
194,4194.9953157384225
195,4284.599393135141
196,4323.734050386364
197,4407.199219213956
198,4477.434708406304
199,4568.420978475966
200,4649.330997325408
201,7078.933319643287
202,2357.808866021385
203,2397.93757245068
204,2471.7439163043614
205,2535.95117580198
206,2577.844668080548
207,2631.3547065103817
208,2674.4669915676177
209,2760.0209373879075
210,2812.9817115620126
211,2913.5935367539705
212,2848.6219996241853
213,2900.8993057477014
214,2946.024257151154
215,3031.780213440548
216,3069.9545713026596
217,3150.113460252495
218,3168.2237139909435
219,3227.4987358280255
220,3270.6747102757877
221,3332.269916326205
222,3292.99645940908
223,3329.548076769392
224,3404.9248294777585
225,3441.7003479911223
226,6855.4782496746675
227,1827.1917574800236
228,1889.10701325099
229,1968.8515102587878
230,2051.3909444523083
231,2091.0804189744326
232,2048.0938070157677
233,2105.5514825924433
234,2162.677994895582
235,2234.962827165922
236,2290.392688717594
237,2348.007152841375
238,2403.8547861558127
239,2459.599384435596
240,2518.078003363444
241,2579.1757934797506
242,2546.762373457872
243,2646.9611782740726
244,2724.3608673926037
245,2822.956691560648
246,2901.9348639053915
247,2983.8235829769897
248,3032.5765827445894
249,3142.3937592408765
250,3233.5681062355957
251,6772.679753466329
252,1644.0806791239766
253,1690.7299976498914
254,1766.7974948342471
255,1875.574338615744
256,1985.8668570243424
257,2077.8388612653575
258,2142.297010154543
259,2201.10211949864
260,2260.9043066660042
261,2282.7721047836776
262,2277.615490376382
263,2370.798715066234
264,2455.585098895692
265,2554.3911480959437
266,2633.054037063302
267,2713.8222077067117
268,2802.3157045620255
269,2930.2691328327373
270,3023.2110761304525
271,3110.5776011978833
272,3129.2500141007454
273,3230.502635609729
274,3321.3975733848097
275,3358.881560953866
276,6612.425621894672
277,1766.4190426938908
278,1828.8208433225343
279,1911.1417525585066
280,2026.2239772404707
281,2108.7880602996574
282,2122.8650045368604
283,2201.4039300094546
284,2280.7080514817494
285,2393.635680508965
286,2555.8683751696303
287,2683.4022134483585
288,2786.894780855646
289,2871.6089629666703
290,2972.755993547484
291,3003.1037474072236
292,3052.3774093430234
293,3166.5643494902256
294,3277.088506016621
295,3368.6638300469294
296,3471.156218859678
297,3555.9610957149057
298,3643.927269831784
299,3741.2214980236813
300,3876.282263564025
301,7011.665913425188
302,2234.5959824958427
303,2276.023480809868
304,2352.4080488075565
305,2433.636434939881
306,2546.1263016417156
307,2652.058116494868
308,2720.444193106929
309,2812.220806083278
310,2876.03114312764
311,2935.878936822003
312,2938.889315828817
313,3019.7681447427817
314,3130.2679071336124
315,3276.0461803726603
316,3372.292234375046
317,3484.898039475404
318,3550.344199909266
319,3650.843528603396
320,3727.3702106550754
321,3766.743558985158
322,3796.2372735146946
323,3904.7602558021094
324,3983.2929861991665
325,4044.9150695931025
326,6866.499918293314
327,2086.319722026152
328,2153.8804133007216
329,2226.27334834943
330,2299.265738518976
331,2346.779521235295
332,2386.2202681876042
333,2501.1073878757934
334,2572.9428875995723
335,2656.509160939306
336,2723.4106025747187
337,2769.8037700291084
338,2866.3535181206303
339,2945.8794548963806
340,3044.5247511898665
341,3028.4117620583474
342,3023.2457271948906
343,3121.587814651587
344,3244.5026999333004
345,3331.1213739239547
346,3412.05289072851
347,3525.521008557876
348,3591.1144692018397
349,3687.3953873744344
350,3770.8917837327813
351,6655.760390904791
352,1917.4821733915383
353,2011.8716223461472
354,2123.3674518135576
355,2232.9340468970763
356,2314.0911360122736
357,2395.7462930747333
358,2504.091734878909
359,2661.0446368675457
360,2795.0745064734915
361,2792.4712328718992
362,2831.8307133235867
363,2907.6931843398406
364,3025.884560544794
365,3188.791594009606
366,3273.3875111852085
367,3352.4831692431194
368,3470.379149888942
369,3553.8997337992914
370,3644.005750839724
371,3663.682303617829
372,3592.066737821363
373,3657.8382639951055
374,3788.565807838553
375,3857.382239787553
376,6859.926585185021
377,1916.6192102840216
378,2028.0911421073263
379,2101.850514793906
380,2244.316278212872
381,2287.9841879470505
382,2307.3939096460717
383,2396.15077774044
384,2466.896395480549
385,2594.41550310598
386,2687.630398249995
387,2781.3570719342215
388,2906.900027583288
389,2986.869716709052
390,3070.179079785125
391,3028.1153723905427
392,3007.2413075788227
393,3069.3397329039144
394,3179.3541601649417
395,3292.5014911115777
396,3405.616003567355
397,3518.5238323435087
398,3607.8952981272946
399,3697.1498144802263
400,3781.1784711076552
401,6552.198924290337
402,2021.6067173795368
403,2090.427025563862
404,2224.124913311271
405,2307.3145887354995
406,2391.1663907421466
407,2505.0315928896184
408,2639.326546099197
409,2707.6632427383593
410,2759.2736615890317
411,2804.9453255127946
412,2781.907845729293
413,2860.851441797414
414,2971.6957779219983
415,3107.9831600055286
416,3223.7367660647624
417,3372.4752941790703
418,3440.2864903941163
419,3521.901912629188
420,3601.3172712573814
421,3600.3537496258864
422,3539.967030006984
423,3623.2241439780005
424,3703.9667794879183
425,3795.686068752304
426,6707.161560616865
427,1886.565200488007
428,2004.8797196972932
429,2092.0731482789756
430,2210.6914330013856
431,2210.1530197621655
432,2182.3084185282787
433,2216.102138507517
434,2258.730442765448
435,2318.135295177976
436,2464.2583902899596
437,2551.4549211829685
438,2647.1484190281544
439,2747.32965026448
440,2851.3219060572665
441,2841.492803495974
442,2808.3930702913335
443,2918.757069734481
444,3004.0994026780177
445,3092.4457377942986
446,3191.525502064835
447,3318.2853407229545
448,3421.7363218125497
449,3525.0550259706624
450,3601.1569094424153
451,6274.934187009966
452,1806.9406759578103
453,1897.1678403226076
454,1967.3725029882432
455,2025.6212610712853
456,2092.320132791086
457,2201.927590484677
458,2285.9157075960475
459,2410.271099945616
460,2513.828297398107
461,2522.337493642976
462,2509.745348943761
463,2571.6052835614755
464,2690.1293884008696
465,2760.606517544731
466,2897.0783873554396
467,2996.793516734455
468,3082.541107411802
469,3189.6572854812352
470,3307.7319910720466
471,3303.7204407620516
472,3319.666291089557
473,3397.8929031451185
474,3499.7786498629985
475,3601.975238719218
476,6649.804179919002
477,1611.3048051890066
478,1687.0813021222868
479,1809.9395758464025
480,1911.8028239346474
481,1937.9437235477951
482,1982.7223241724648
483,2062.647189748898
484,2132.719148346017
485,2266.969810700382
486,2364.928839419425
487,2457.75888585542
488,2530.869433320958
489,2582.6730281453183
490,2652.165798299345
491,2691.2112138203483
492,2666.252290693978
493,2778.246113498368
494,2882.2651836772106
495,2970.2780054968125
496,3109.390618618014
497,3195.2630612457274
498,3325.1745446629675
499,3425.809121540854
500,3535.301863070603
501,6289.912302796133
502,1574.29298413093
503,1632.2801177711697
504,1721.0793375494793
505,1812.853801407614
506,1898.5644389035235
507,1991.3636732635298
508,2081.2734772847907
509,2144.785564819047
510,2214.281237928352
511,2230.9506922941523
512,2202.404213864765
513,2258.554710053689
514,2339.6949828287084
515,2400.618620827726
516,2492.64558873932
517,2596.9772403367956
518,2687.074152678671
519,2749.869788651386
520,2804.7033097713
521,2804.6670563557877
522,2779.594475203227
523,2845.52676709787
524,2900.2650702526894
525,2993.545963541839
526,5851.829181006604
527,1411.0038655191524
528,1509.4606339300149
529,1593.1579474037298
530,1714.2890572767403
531,1736.9881202646034
532,1743.6384502388828
533,1821.285829336103
534,1937.7078526114094
535,2009.9519278878347
536,2118.419377655808
537,2214.930290069372
538,2303.494377360353
539,2374.1895955915165
540,2486.9380341557244
541,2494.622910237087
542,2495.0572190519315
543,2579.9243133340224
544,2672.6750188407436
545,2733.360531511358
546,2861.0818139398893
547,2931.029102424312
548,3025.3579962650665
549,3102.2134997279018
550,3190.3890614471666
551,5949.496661059466
552,1617.3911213713207
553,1673.1322940991595
554,1786.3168211318887
555,1859.58212067136
556,1924.4609373583296
557,2020.849235220584
558,2138.8780215664933
559,2219.3263634204905
560,2271.650766534542
561,2308.3788031819527
562,2228.495080899723
563,2329.7484163723134
564,2423.1074506897626
565,2483.540209041111
566,2551.950632199894
567,2605.3940576796795
568,2703.774578347463
569,2779.8653762384965
570,2874.6362781270786
571,2857.9102774458634
572,2795.523076596306
573,2879.7800762203456
574,2921.5680537310323
575,3015.984612860407
576,5996.317309309649
577,1488.6100943015388
578,1561.787302616572
579,1697.6829563749152
580,1775.6020002178627
581,1721.4347309437103
582,1711.2444510882856
583,1807.1393084480057
584,1928.43050428234
585,2020.9357358452562
586,2100.742083058109
587,2200.5673165446983
588,2279.184389127213
589,2381.1972135243286
590,2448.210637847545
591,2432.950058526813
592,2432.2714955568067
593,2491.5164384865384
594,2551.3394320947027
595,2638.904777590684
596,2772.6650136974013
597,2860.068391469437
598,2923.730273739037
599,2998.6843175867475
600,3060.226042235393
601,6039.550265079314
602,1487.735174440544
603,1577.4737250420048
604,1645.429557505116
605,1713.7227902875682
606,1780.2115489893297
607,1857.5610569764624
608,1950.1150018379356
609,2039.846181790982
610,2134.776318765784
611,2091.194466087228
612,2094.5001155449177
613,2179.7356454091164
614,2242.730579930752
615,2310.918373231797
616,2384.4065387846967
617,2476.905282073068
618,2554.7300654925602
619,2609.925395133833
620,2705.1515150806736
621,2697.1654886576616
622,2624.6350975771093
623,2689.6722224891987
624,2776.7814559843123
625,2823.096450886718
626,6027.469646453095
627,1536.6725128388723
628,1623.7079048752705
629,1699.371018865891
630,1761.4609200943921
631,1780.022835352541
632,1778.3773649442103
633,1846.854711305673
634,1930.4999189387067
635,2020.428885079935
636,2118.574750666846
637,2194.962330298901
638,2263.0351927295746
639,2320.521124026614
640,2432.305485761338
641,2480.1487431148053
642,2453.3785990155448
643,2512.979553907713
644,2569.580644838868
645,2645.873839513313
646,2716.0939739885825
647,2778.2737420171284
648,2905.021174913332
649,2967.3088286832044
650,3064.1443395524043
651,6056.888807012434
652,1568.2367992850266
653,1672.636159397139
654,1719.4807540474117
655,1795.1545185829834
656,1877.5985617438866
657,1982.7560103661963
658,2062.4494426212123
659,2145.373593212301
660,2231.6315606550947
661,2252.313717197001
662,2244.1725983371316
663,2340.1925899499797
664,2410.1607790671264
665,2461.665630381674
666,2531.937695518483
667,2625.632732538856
668,2692.7383709800247
669,2768.4903023339025
670,2832.6343968901815
671,2790.9582925750033
672,2686.2454943713096
673,2763.111049696551
674,2857.3712476935907
675,2939.7140004227185
676,6031.9112785660045
677,1539.069937695195
678,1619.3470744194249
679,1694.6492818760767
680,1746.1681817569797
681,1772.0623930865002
682,1786.891223538327
683,1849.9617526108682
684,1923.316125421787
685,1997.6341183191228
686,2088.975052622
687,2154.9845298175514
688,2219.478098744678
689,2318.8072262206024
690,2391.6433672644475
691,2379.3715578545675
692,2344.5414139199142
693,2428.393427050331
694,2500.5943451624225
695,2584.7768027808092
696,2642.8556344999383
697,2723.5296324549445
698,2816.534193892179
699,2901.7477215401054
700,3007.5120635307185
701,5659.664385111785
702,1529.5648011588482
703,1608.173716228908
704,1698.8838553877586
705,1796.211342092936
706,1880.1810160419418
707,1940.7463188319532
708,2016.410035342956
709,2132.736931655934
710,2256.911527832507
711,2200.0381190506127
712,2168.9797904734282
713,2257.308681284598
714,2294.2326821261104
715,2372.2413058646607
716,2437.214655107522
717,2523.4426588523925
718,2614.5088816135594
719,2671.0068192163885
720,2749.5642803191054
721,2734.2930386861963
722,2719.4630390259936
723,2835.330136458416
724,2924.751522113163
725,2999.382934862639
726,5431.423876653621
727,1528.0045991677543
728,1588.543911142917
729,1650.6847377730612
730,1732.7425108797972
731,1782.2917133976885
732,1769.126955581315
733,1847.8769565782138
734,1945.9927870461497
735,2018.7007485671295
736,2074.632926860476
737,2180.6385218733285
738,2275.662827130829
739,2340.723666499742
740,2437.126378049739
741,2424.805341041524
742,2398.4577794537063
743,2507.8103397969376
744,2585.604635042349
745,2629.9893905453105
746,2715.5445752497144
747,2780.63879361582
748,2843.3433192400494
749,2942.6741667420897
750,3032.425684658473
751,5700.155569285015
752,1554.401826837221
753,1638.6294544391965
754,1683.0155874746545
755,1742.163626813554
756,1826.5951170762373
757,1879.4983975204523
758,1937.7776047664788
759,2013.2933318855132
760,2104.099367330182
761,2108.7853893013935
762,2093.3525065823014
763,2144.9942056805994
764,2196.144044192611
765,2262.8100031855224
766,2341.7832209732187
767,2403.9311921804347
768,2453.033786618668
769,2525.392264074469
770,2611.01632233861
771,2578.0555347066384
772,2610.7622191686487
773,2665.22694933987
774,2769.1812172558803
775,2850.6051190798084
776,5882.353358319125
777,1625.749865723347
778,1699.462918223505
779,1745.7796676973576
780,1818.9952211315378
781,1868.48981652427
782,1925.570917796571
783,2000.915749702684
784,2061.544438646629
785,2131.6256527726987
786,2174.688014800783
787,2242.7096014264216
788,2278.176529041376
789,2332.947640174725
790,2383.7586002289463
791,2343.989398848638
792,2356.7554104215947
793,2428.56976931143
794,2508.0832650532157
795,2570.5498489176844
796,2635.2062184884353
797,2705.206609026839
798,2774.4026507207527
799,2831.0150551195215
800,2886.176675193834
801,6196.412585061115
802,1626.142383011642
803,1692.5391021707383
804,1765.5791284277298
805,1820.1476987612232
806,1872.281782728442
807,1920.6605679262557
808,1971.0967057095565
809,2065.482989799656
810,2172.6936808303144
811,2194.2192283157165
812,2172.2046145002573
813,2250.3015158590088
814,2285.8233547240598
815,2329.8600865656176
816,2386.7205552114365
817,2443.8887628672232
818,2514.269405160433
819,2586.268861261904
820,2670.6937658122242
821,2679.3474095417296
822,2595.5702536519825
823,2648.9430288137337
824,2727.9594575777855
825,2815.129850939714
826,6115.218759474257
827,1721.4890707756963
828,1788.8272471386147
829,1841.8030329745961
830,1872.166581191358
831,1893.9689349064583
832,1845.3563644900669
833,1928.0647878992334
834,2003.8904208401607
835,2090.229033833226
836,2158.8028672178853
837,2204.599421908677
838,2267.009106530807
839,2335.349077649244
840,2425.738828674563
841,2397.8032900574
842,2392.255489913328
843,2457.3982307822125
844,2537.3014175810677
845,2610.638886723831
846,2679.7815900228234
847,2752.141885489554
848,2807.057538618604
849,2850.0564775579996
850,2907.592544493998
851,5965.751195714941
852,1680.6321981870642
853,1734.1876482555579
854,1821.0745781246944
855,1890.1895284192426
856,1947.3484832869206
857,1996.272600293401
858,2069.5406145811385
859,2145.23055123157
860,2202.01221275836
861,2228.5058146220836
862,2086.363385355333
863,2147.647871637427
864,2213.1542473929176
865,2300.915209450644
866,2345.6703037262428
867,2399.1137840996894
868,2456.7442078847057
869,2523.79554223083
870,2628.7012733098304
871,2640.760749018567
872,2581.4031109612715
873,2657.419110683722
874,2707.2504133320167
875,2758.6978261932977
876,5456.624302396177
877,1563.8209342786306
878,1637.4010355067646
879,1701.2764709776407
880,1738.148970796899
881,1786.1695053820995
882,1783.2573033215442
883,1837.4965724704598
884,1895.4561684133446
885,1948.1067756702525
886,2001.2989731371372
887,2066.1947920354523
888,2138.0136987459528
889,2213.0270291934917
890,2280.9753681781663
891,2291.700011859658
892,2268.7932584861937
893,2312.6131605254686
894,2355.863406323431
895,2420.9787559798
896,2450.4305346603574
897,2486.1107584947217
898,2552.7819085120796
899,2599.530451353714
900,2648.4363249000253
901,5626.765336564043
902,1571.4704689200219
903,1645.0910041415277
904,1728.461275022403
905,1796.050165248573
906,1847.5431863604308
907,1871.6805516157124
908,1910.7108381946196
909,1981.1109049187057
910,2050.6659307423365
911,2052.9520509598674
912,2007.9556374923175
913,2083.949801455089
914,2143.1509850439725
915,2240.632648919931
916,2318.474743172156
917,2401.6850857409822
918,2458.449324572424
919,2519.160022412607
920,2573.0104034110464
921,2618.9547107970243
922,2634.634575508219
923,2688.751444748702
924,2768.4563213829074
925,2820.508358007656
926,5610.331551022494
927,1640.5207617048516
928,1732.0577649485235
929,1785.5225450648945
930,1836.0478845594187
931,1859.840096816504
932,1801.475219110318
933,1864.1994030436672
934,1897.2132394550636
935,1970.1383910453646
936,2033.1402876772304
937,2104.348579668221
938,2173.266633386018
939,2261.320990966508
940,2361.0071384359408
941,2364.3605815993346
942,2286.1276691340445
943,2347.625736249532
944,2415.6194080861064
945,2442.8814987301403
946,2502.0081998842847
947,2550.783898552858
948,2614.8090785024224
949,2669.53759998808
950,2716.4512110050737
951,5670.405175490664
952,1573.9467935307337
953,1640.408562714182
954,1681.0230776036306
955,1723.1025425415673
956,1791.5498774380694
957,1837.079348848516
958,1880.0969204493772
959,1938.8449902437328
960,1985.990602386444
961,1999.9679651432134
962,2004.27047543489
963,2052.559306051103
964,2116.9495351705395
965,2200.938957691015
966,2273.7834553301577
967,2326.1574202159964
968,2397.770831449589
969,2449.294721438778
970,2505.5868812280323
971,2546.8183348176112
972,2471.631643795908
973,2525.220911178812
974,2571.103815855576
975,2627.642096956582
976,5750.614880139626
977,1658.3549461638322
978,1700.673228062233
979,1782.008499209603
980,1846.6163817774604
981,1827.5413558043529
982,1775.365542016181
983,1810.5403969908334
984,1845.3107977370942
985,1911.542379921955
986,1953.6239500664108
987,1993.3418385528844
988,2031.0111222122214
989,2096.922900923635
990,2141.1052206632667
991,2128.6047495645867
992,2034.3120449671394
993,2105.204719920157
994,2148.737492339765
995,2225.27870927031
996,2273.4326882169657
997,2343.405573308908
998,2418.9997723558686
999,2449.5100082304657
1000,2492.531952119402
1001,5351.269448084536
1002,1602.1546385570769
1003,1671.6763558090597
1004,1741.55004852592
1005,1805.0841413023447
1006,1852.0001273548191
1007,1890.2862947074975
1008,1922.4539978040386
1009,2010.207188157899
1010,2070.6744201895267
1011,2085.185347573132
1012,2103.826251107013
1013,2156.2957105196797
1014,2205.425060943056
1015,2260.9997945804134
1016,2327.2994573376013
1017,2372.9384208312376
1018,2422.0510837210063
1019,2463.776278303791
1020,2545.2836020774316
1021,2567.7044248519514
1022,2448.0716776990857
1023,2512.61803247539
1024,2576.975651978252
1025,2637.4611870916606
1026,5663.213000892106
1027,1725.1113160784807
1028,1773.6162789941602
1029,1833.9106435105434
1030,1905.6524449677227
1031,1928.7356842969152
1032,1935.642948131165
1033,1991.4229281246294
1034,2064.619798681888
1035,2132.142741673713
1036,2192.81617171034
1037,2246.482352903005
1038,2285.8957140153866
1039,2347.923184237349
1040,2380.8431757795806
1041,2392.6030722844353
1042,2356.176068953372
1043,2429.0157495234166
1044,2487.244820147352
1045,2534.2097204595198
1046,2605.5220054905276
1047,2655.2354482889596
1048,2714.106882140808
1049,2761.154916855084
1050,2823.318113863042
1051,6179.58497765254
1052,1781.0406074650132
1053,1829.0752370829093
1054,1914.020730555477
1055,1975.1055638212551
1056,2015.419689022697
1057,2092.146698364909
1058,2144.095202843475
1059,2198.2465313081434
1060,2262.10336630876
1061,2274.9581123306525
1062,2276.1822567917025
1063,2348.8061202648396
1064,2408.3390075896154
1065,2454.6908656956757
1066,2505.9615552362147
1067,2528.286213205142
1068,2611.2810857539143
1069,2663.581228734218
1070,2716.7205428208486
1071,2758.411236129572
1072,2604.856984322979
1073,2672.3964653462126
1074,2745.2888208252325
1075,2797.5779568821163
1076,5590.769186209404
1077,1815.1748823215028
1078,1859.1406530667978
1079,1926.6140860982775
1080,1985.531792282982
1081,2011.5854471591053
1082,2032.0388913957822
1083,2086.6478231484416
1084,2148.2586459893705
1085,2202.6945944064823
1086,2263.164658824049
1087,2294.2752759329796
1088,2364.8081069443997
1089,2429.1954979005577
1090,2497.868989411251
1091,2505.8391342739715
1092,2390.746908760092
1093,2421.6858910506194
1094,2478.4254435406997
1095,2518.525468637411
1096,2582.4325325959426
1097,2633.6354194869123
1098,2711.5514683095757
1099,2776.8082144680698
1100,2850.4319962913582
1101,5723.470818760713
1102,1816.578125383974
1103,1865.5409357532933
1104,1916.6960813815883
1105,1977.1380156084379
1106,2055.2169762809067
1107,2091.9982819774073
1108,2159.5116801147747
1109,2235.234446511629
1110,2273.7451207894806
1111,2298.1224619096965
1112,2223.780637737281
1113,2283.756097276114
1114,2338.4675964320613
1115,2398.7902509615565
1116,2446.6654884027707
1117,2514.897470683403
1118,2563.867638392907
1119,2662.9791775721837
1120,2721.5124116797965
1121,2744.7729922605386
1122,2588.490933288765
1123,2618.7585873357502
1124,2664.7325360303153
1125,2724.740802876773
1126,5294.998487014698
1127,1708.3097625624318
1128,1807.2751959412417
1129,1863.8104718726597
1130,1937.5852097346253
1131,1968.1507949186594
1132,1897.4448600980982
1133,1953.4159058698876
1134,1996.9002245332515
1135,2032.653436040616
1136,2083.082707676397
1137,2157.3512512849384
1138,2189.9098384556337
1139,2271.3985272557597
1140,2319.0181938081523
1141,2360.045461631001
1142,2291.526736163463
1143,2325.5948321111996
1144,2364.5134538748202
1145,2407.7849206251576
1146,2477.07627784471
1147,2514.5101949796785
1148,2552.066374638176
1149,2599.2342921154736
1150,2666.0035548832293
1151,5557.5417899378235
1152,1738.212351503834
1153,1780.7392789925116
1154,1821.3630762850999
1155,1848.7110711913078
1156,1933.8488776907623
1157,2005.6816000104081
1158,2038.7372792249196
1159,2087.7854824248534
1160,2123.0415271372553
1161,2169.011623164131
1162,2177.40984748912
1163,2234.424816832592
1164,2290.3695122379763
1165,2329.905195000016
1166,2376.4585538220367
1167,2417.6595619341615
1168,2449.322288783234
1169,2489.2526322781973
1170,2538.720098965647
1171,2566.7761595580387
1172,2544.9287028784584
1173,2581.5722318134353
1174,2605.5952585280497
1175,2651.797480080818
1176,5469.346090660553
1177,1713.6653734218853
1178,1745.861985553543
1179,1769.6008556132817
1180,1806.6960654344282
1181,1846.4490414496768
1182,1866.285166082955
1183,1908.5830058546546
1184,1968.5550015581837
1185,2006.5161077160478
1186,2058.710900762821
1187,2097.0869495890634
1188,2131.1788993899618
1189,2172.0646914347944
1190,2237.395013153188
1191,2209.2144986885205
1192,2152.1774481768302
1193,2204.607698571351
1194,2234.97675236502
1195,2273.368197320186
1196,2314.0835945025046
1197,2358.5341918272734
1198,2418.3125790048384
1199,2469.4274812067047
1200,2523.0051548468005
1201,5761.847197103606
1202,1743.2417901297906
1203,1783.923167147839
1204,1835.0112821241344
1205,1890.9162500920208
1206,1945.412887109796
1207,1987.1980078737076
1208,2037.832525760534
1209,2087.0574440296823
1210,2117.288183358945
1211,2155.5776300518364
1212,2166.6121114387875
1213,2205.4867573202628
1214,2269.274060837021
1215,2291.475642995074
1216,2355.2763637999665
1217,2427.8921720325907
1218,2498.171531516239
1219,2549.1492040735975
1220,2593.9111286153543
1221,2600.698724175257
1222,2574.846559593702
1223,2597.0712766133333
1224,2624.3788635899105
1225,2692.411859333232
1226,5768.761785663569
1227,1865.3255114124381
1228,1928.4505463982384
1229,1961.1906490027532
1230,2015.3233973236017
1231,2056.77796331868
1232,1947.8078864476713
1233,2001.714447313305
1234,2033.3586249068353
1235,2097.61459654679
1236,2140.05586683931
1237,2196.5676383630116
1238,2228.1086892927456
1239,2315.3302238398082
1240,2391.44008440665
1241,2402.339241089109
1242,2265.82818990967
1243,2330.4245128950542
1244,2391.3072877540635
1245,2427.06191781543
1246,2491.1977292681913
1247,2524.638005040574
1248,2566.4996663362494
1249,2589.0173354549597
1250,2658.0046740515763
1251,5949.803048973113
1252,1819.8563423964824
1253,1841.6799509691607
1254,1893.9357729824744
1255,1934.8962129169004
1256,2000.736673824806
1257,2018.538456303502
1258,2061.2122054484257
1259,2105.4443864569807
1260,2172.4947932521563
1261,2200.7301744443425
1262,2210.8265097410867
1263,2254.167541562482
1264,2292.4291513922594
1265,2326.7864359834844
1266,2370.0924865660554
1267,2390.219454108511
1268,2437.3800002574594
1269,2482.491345266789
1270,2525.1717129034055
1271,2546.531505062725
1272,2473.4500973971976
1273,2515.662888024508
1274,2555.8952539669513
1275,2605.6017000843262
1276,5905.702442674473
1277,1862.2938256905395
1278,1916.7018936436973
1279,1972.0654854248476
1280,2040.2192100550599
1281,2082.699451271381
1282,1970.6737542652731
1283,2013.7025011331386
1284,2067.2855043763216
1285,2080.4675544104343
1286,2122.4430791487507
1287,2176.1012761229294
1288,2242.46723731635
1289,2284.3109477032185
1290,2321.279024352342
1291,2344.9284951636973
1292,2278.2786563650247
1293,2306.823196110869
1294,2364.2330644014833
1295,2390.7643399300723
1296,2428.1224077833863
1297,2449.700826693499
1298,2501.1438930496834
1299,2560.63071950026
1300,2602.9751075792733
1301,5903.508165428581
1302,1863.6666372854709
1303,1929.8859375983752
1304,1971.385304535331
1305,2012.844897889555
1306,2051.861533143327
1307,2092.5124405343813
1308,2155.2642531443375
1309,2205.820383106486
1310,2266.7505891484275
1311,2305.668166075105
1312,2269.5375141231707
1313,2308.6547291314046
1314,2367.262581568973
1315,2398.858773704158
1316,2457.9791811828
1317,2509.781045088051
1318,2599.13154457147
1319,2665.916574920213
1320,2694.3251007605777
1321,2710.360808290267
1322,2605.0512288724817
1323,2651.040135352935
1324,2691.3053967631545
1325,2766.651100015081
1326,5566.5433187343415
1327,1813.2892785536594
1328,1868.1819978913657
1329,1905.3216426395168
1330,1946.2984074899803
1331,1971.4748265051267
1332,1927.1387763734876
1333,1967.8447312135233
1334,2012.4815718923544
1335,2048.165773027114
1336,2086.327763776318
1337,2144.9871606764623
1338,2184.9182326184978
1339,2235.4310609782547
1340,2270.5750418395014
1341,2297.714820869123
1342,2116.9494943828468
1343,2172.8859716610564
1344,2236.476649529016
1345,2299.654279418349
1346,2348.860387082394
1347,2364.6399002850676
1348,2425.4055004707584
1349,2458.102270403787
1350,2491.8734848951212
1351,5399.702639914182
1352,1748.1807207401985
1353,1823.0979950597757
1354,1847.2344784933227
1355,1873.6366328177874
1356,1925.5373179599662
1357,1976.1943259923587
1358,2015.9946076848357
1359,2050.5110574645378
1360,2097.6296914479854
1361,2117.5860711862456
1362,2097.320146920849
1363,2142.880054581671
1364,2168.4297402050565
1365,2208.865354330767
1366,2247.84212818997
1367,2304.3891864379834
1368,2358.457742609
1369,2425.2442981771005
1370,2476.641984803402
1371,2501.2578070101026
1372,2339.431766211627
1373,2384.911001162532
1374,2420.358269465104
1375,2456.393638573643
1376,5216.0481750225
1377,1737.0095695770278
1378,1776.8944487358506
1379,1820.6407465474815
1380,1863.5046790943636
1381,1897.0283075861312
1382,1902.9096639841994
1383,1953.2059150461607
1384,2003.218210465021
1385,2046.9454614821545
1386,2075.1239408845872
1387,2084.687649876089
1388,2129.044022755871
1389,2155.4160178425227
1390,2188.666115476791
1391,2222.2496051048115
1392,2107.0983161340787
1393,2142.8946603897057
1394,2194.774606616734
1395,2230.9145362533327
1396,2266.903058284137
1397,2282.240422131451
1398,2319.261338541651
1399,2343.0040189927186
1400,2391.3181093239123
1401,5522.290823130858
1402,1787.7286892582142
1403,1806.218376781202
1404,1845.2434572740244
1405,1896.1073810011785
1406,1927.4137763785
1407,1983.101893202019
1408,2022.6664214217315
1409,2100.5800949604854
1410,2180.354151226658
1411,2213.955045144368
1412,2110.2577739263374
1413,2159.3970308340813
1414,2191.2669373661306
1415,2227.7879419404226
1416,2277.622819147793
1417,2306.7471171126476
1418,2340.9264582648602
1419,2373.730059098894
1420,2407.5931014647235
1421,2427.531360210487
1422,2286.7092096729234
1423,2331.975317467746
1424,2366.381096450809
1425,2413.8642882307768
1426,5732.900316769292
1427,1863.4696521931355
1428,1911.2401705930922
1429,1954.3442789756743
1430,1995.471277700892
1431,2043.0097954544995
1432,1922.2460325528355
1433,1958.0171754221262
1434,1974.5865372334895
1435,2019.050342874238
1436,2050.833959225149
1437,2076.2483657676858
1438,2098.744786134474
1439,2153.609347814598
1440,2189.6719623628055
1441,2204.7139621886386
1442,2086.865407068017
1443,2129.00273505802
1444,2184.6617775469404
1445,2226.129218506047
1446,2255.5623350245824
1447,2312.717381066648
1448,2354.3163305790526
1449,2401.7990914460634
1450,2425.278690922831
1451,5199.905178419378
1452,1715.7003143976085
1453,1736.5319932821094
1454,1818.7170435789894
1455,1854.1080959889255
1456,1898.9299853928837
1457,1960.1701958841936
1458,1991.314666202819
1459,2035.6779683844652
1460,2084.047786374567
1461,2121.3866390888124
1462,2005.1586604198899
1463,2038.2739008891479
1464,2070.716493897946
1465,2109.4021045669892
1466,2150.9918420705944
1467,2195.702009965109
1468,2230.8447890695656
1469,2272.0435837851423
1470,2281.7850895774263
1471,2327.933388875781
1472,2277.712232088754
1473,2305.259311789593
1474,2348.5879375171903
1475,2397.6826659405933
1476,5259.090532321627
1477,1746.05692272258
1478,1771.6244484165081
1479,1815.8117483378148
1480,1855.249089982188
1481,1914.085183591326
1482,1807.2576458778633
1483,1837.4472943125909
1484,1867.9159019993742
1485,1906.2141958260172
1486,1941.4388820384727
1487,1994.23561448692
1488,2045.820784537685
1489,2100.0604706853287
1490,2123.008341723115
1491,2138.1271950138103
1492,2075.253075077295
1493,2110.4934441457467
1494,2148.6539928251154
1495,2178.0243803618573
1496,2196.3518094245205
1497,2218.514161104594
1498,2248.206450639406
1499,2310.107562260859
1500,2349.6336752442126
1501,5497.999183334586
1502,1788.155250667438
1503,1818.6365845623873
1504,1845.9157731656917
1505,1902.0450937984162
1506,1933.24751574797
1507,1961.487952060322
1508,1986.5524604604393
1509,2010.3755791652206
1510,2063.8068186919922
1511,2097.665874104734
1512,2016.1046442787913
1513,2055.4303922819795
1514,2100.6207964130904
1515,2140.0103551952875
1516,2191.5073665744653
1517,2224.5361405263156
1518,2255.355891124793
1519,2301.6708953977923
1520,2344.6627514204793
1521,2379.133557857016
1522,2222.1910111009292
1523,2257.9942982985744
1524,2308.8414203435805
1525,2348.0478236910344
1526,5449.711405399744
1527,1740.4571353036222
1528,1767.9602682587306
1529,1800.9849305905952
1530,1857.778729115325
1531,1883.79095192827
1532,1831.9662529935272
1533,1875.6315381609804
1534,1887.4326963574945
1535,1920.8598941977245
1536,1970.3636423883052
1537,1998.8830811715156
1538,2022.3400036479388
1539,2052.9625087202303
1540,2097.816905241357
1541,2129.8204078531803
1542,1927.9920915529349
1543,1948.1596667195663
1544,1974.8039712877342
1545,2024.9373139976835
1546,2049.1109653013164
1547,2072.8698808245276
1548,2124.4785332934234
1549,2168.4796078669697
1550,2207.331139686629
1551,5284.973772878113
1552,1710.36630505321
1553,1753.161640446141
1554,1795.5962791409447
1555,1821.1162895894888
1556,1872.02989178198
1557,1914.5286692205416
1558,1935.8375198087974
1559,1973.4465440625759
1560,1994.0011755595108
1561,2029.6578202200988
1562,1838.2782555880422
1563,1884.2177087272175
1564,1917.370099459995
1565,1946.5692408504453
1566,1981.1821914418651
1567,2015.2802861412413
1568,2038.2328321026937
1569,2065.4858143711267
1570,2106.5107692078477
1571,2120.01159628561
1572,1976.5622809800466
1573,2025.7679408972451
1574,2061.164667547485
1575,2089.4197446301973
1576,5533.536814466492
1577,1774.0205672475122
1578,1800.4758942970416
1579,1838.3628141192664
1580,1864.5718267447912
1581,1889.0459093016805
1582,1897.4776207384464
1583,1921.9959032105282
1584,1946.08840586726
1585,1983.1242765467794
1586,2016.9474132850712
1587,2042.789876212355
1588,2076.070119440557
1589,2101.8199092408818
1590,2151.1791968036136
1591,2170.2047683152036
1592,2136.997290522986
1593,2193.6505562770803
1594,2229.2221477550756
1595,2263.295882942414
1596,2312.121377571888
1597,2333.230293953509
1598,2371.202589076557
1599,2405.837350036779
1600,2444.9158601443755
1601,5175.591715554963
1602,1655.5650705552812
1603,1676.9413538391
1604,1715.388680436567
1605,1744.2010198044147
1606,1772.006346951541
1607,1794.451408755558
1608,1830.1105514288004
1609,1859.693030699522
1610,1888.6368283430393
1611,1912.438929515848
1612,1864.4833872061672
1613,1909.4810042511679
1614,1927.6900627788093
1615,1961.8164002709227
1616,1997.7218267557812
1617,2036.3436410338652
1618,2072.7214317323646
1619,2114.3538572492953
1620,2147.785039040969
1621,2164.977577660578
1622,2091.4475791312593
1623,2116.6530637563556
1624,2141.206965782065
1625,2170.3763597194193
1626,5138.374372287535
1627,1671.9965560562978
1628,1692.2029726843566
1629,1714.0053018716774
1630,1754.1888472712142
1631,1777.5330348770756
1632,1705.4901488407788
1633,1727.5198171461996
1634,1762.2601523337498
1635,1796.602598988668
1636,1825.9716302658571
1637,1868.9629541448767
1638,1907.7952895115918
1639,1938.4206757886552
1640,1973.5358841531001
1641,2019.1622307243501
1642,1973.5865954198719
1643,2012.1246675656366
1644,2029.6929661867846
1645,2065.9166141746205
1646,2102.2938716202775
1647,2145.9432723095356
1648,2167.4256511639965
1649,2196.163475772143
1650,2220.6273296660665
1651,5734.602433129815
1652,1826.8894017192104
1653,1845.6832002221886
1654,1887.4800853183847
1655,1936.426808556191
1656,1979.965598026819
1657,2023.5857457052214
1658,2050.8605467145035
1659,2090.3112443740747
1660,2121.2391892177866
1661,2131.067898840274
1662,2090.7961163100795
1663,2110.982833588444
1664,2147.057101723286
1665,2172.3636788314366
1666,2221.625549650809
1667,2225.8368310850165
1668,2259.6633119010435
1669,2296.8518434774064
1670,2332.351353572892
1671,2360.9189123200576
1672,2288.317037003227
1673,2308.436232940671
1674,2344.9193880535504
1675,2374.3455348050866
1676,5375.74514572101
1677,1736.6358705378375
1678,1776.3272912361822
1679,1797.9353218425233
1680,1824.894853032859
1681,1841.7148824085982
1682,1777.5107569475479
1683,1809.718859646701
1684,1847.7006642925635
1685,1879.8866280122381
1686,1917.0611426797295
1687,1972.2578615304346
1688,2002.2781413723824
1689,2026.4159184131477
1690,2056.2549395211045
1691,2074.6857483085073
1692,2047.8619653771534
1693,2071.1919210694064
1694,2087.9645897327937
1695,2122.8855684211944
1696,2160.065934841162
1697,2187.8978031540523
1698,2220.6463053896955
1699,2228.5080676854
1700,2246.2337551612145
1701,5255.925953354216
1702,1667.202362976371
1703,1688.1549769646192
1704,1726.039276926557
1705,1767.6502248086397
1706,1783.9971899008235
1707,1818.2433512999785
1708,1849.5137276393175
1709,1878.5128509875801
1710,1919.0140329633618
1711,1953.083413673108
1712,1780.1715405820134
1713,1805.355060358524
1714,1836.3942135976868
1715,1859.9240832002522
1716,1884.7702801984303
1717,1924.0713486581653
1718,1949.6841795224432
1719,1975.8035703224145
1720,2018.688948441545
1721,2049.478656055529
1722,2011.4226942800703
1723,2035.6705059281144
1724,2083.283366348445
1725,2106.490728954935
1726,5403.281581379076
1727,1727.3657744330126
1728,1748.6757596709417
1729,1777.547090985948
1730,1822.9485100351146
1731,1835.471062625962
1732,1747.8585919030631
1733,1789.8304509689872
1734,1821.7469268251768
1735,1843.9611308567894
1736,1872.7523503862722
1737,1908.161567535838
1738,1956.8301085400738
1739,1978.5143400720042
1740,2005.7340112201005
1741,2024.5392493196678
1742,1890.4003784171007
1743,1934.514936028549
1744,1958.9921236253545
1745,1988.0753406536967
1746,2005.3847780356652
1747,2049.632114900529
1748,2077.48817554968
1749,2101.1240031202683
1750,2122.845747600126
1751,5388.55895109234
1752,1675.5507115251166
1753,1689.5292550308445
1754,1716.2930176856676
1755,1737.3943828395586
1756,1761.0171398567459
1757,1805.3570218874381
1758,1843.8842466754304
1759,1882.1447820365677
1760,1908.8244324153684
1761,1943.3918385030981
1762,1745.0210409274541
1763,1767.2787836399934
1764,1797.863632223364
1765,1843.234880031795
1766,1871.8103852813986
1767,1893.1562971349883
1768,1919.6330175012974
1769,1933.8831934501836
1770,1965.4349484037243
1771,1982.2973003448856
1772,1984.688022109515
1773,2018.8759121712549
1774,2042.0091261518571
1775,2077.7202540826074
1776,5411.889435457551
1777,1710.4611025112904
1778,1740.5408364583832
1779,1777.6847067747203
1780,1809.7904385025613
1781,1834.312205407132
1782,1657.3098664948345
1783,1678.3837868417686
1784,1709.2055174559796
1785,1734.2361749977542
1786,1760.8096417150919
1787,1790.2711265318592
1788,1818.9492735458914
1789,1849.8515340839479
1790,1883.9211955090802
1791,1922.7211080966576
1792,1841.7897396756111
1793,1859.663078161672
1794,1894.8009911117545
1795,1918.832445262454
1796,1928.5624218244877
1797,1952.7557870488808
1798,1996.8050164000003
1799,2016.121098113093
1800,2042.06693212481
1801,5371.3363306792635
1802,1704.9928668656808
1803,1731.3858998756973
1804,1759.8698521753913
1805,1776.4521719372622
1806,1803.3259304304445
1807,1832.6577577248884
1808,1859.4136956425043
1809,1881.1343151647613
1810,1890.7778174297496
1811,1910.5402406791443
1812,1848.302955879587
1813,1879.9603127172466
1814,1903.5652263793738
1815,1909.6716161308545
1816,1923.6258586513538
1817,1950.5766991391083
1818,1972.6597190296854
1819,2001.8078589151303
1820,2025.1957044681574
1821,2055.99419865674
1822,2028.165908167406
1823,2069.8189226543996
1824,2099.452116548978
1825,2125.066593758987
1826,5591.346193355381
1827,1739.7170579015556
1828,1755.894036411172
1829,1784.4334870656312
1830,1818.9457393873588
1831,1849.8466264094277
1832,1842.434399864012
1833,1867.6673546961847
1834,1900.4513124424695
1835,1920.6487082604485
1836,1961.0248599299766
1837,1979.8773201179831
1838,1999.5122791784343
1839,2022.5762863431542
1840,2057.8139077633796
1841,2076.9483875467213
1842,1921.5897411477272
1843,1952.1839773361583
1844,1990.0339885798319
1845,2020.4726724997552
1846,2038.7421942299022
1847,2080.157014878546
1848,2124.9929449603746
1849,2155.349364859992
1850,2177.616808776007
1851,5597.231831647891
1852,1755.1916049220633
1853,1785.4483204679175
1854,1814.0916469547824
1855,1841.496399344385
1856,1877.7408884858537
1857,1905.7946995664327
1858,1921.5187511184408
1859,1969.0549457244272
1860,1986.0281549347383
1861,2000.9366633383463
1862,1853.7420833814824
1863,1891.0251346738485
1864,1909.0909615893913
1865,1922.0353119964414
1866,1961.2066158199707
1867,1996.1476508421408
1868,2013.109216651268
1869,2047.7607722552636
1870,2079.0289047124206
1871,2099.592027486596
1872,2017.9466982934166
1873,2045.8595015954893
1874,2071.8787535498914
1875,2099.4866271741425
1876,5010.510438004469
1877,1584.8103562141057
1878,1610.4997073675825
1879,1634.7557031730973
1880,1653.6761619396996
1881,1673.1726056015464
1882,1433.0881759334586
1883,1460.3704216236843
1884,1478.2726652058543
1885,1495.3045959238557
1886,1537.3285213311071
1887,1588.9203815174133
1888,1623.568990050011
1889,1650.0427020270843
1890,1697.3744470956556
1891,1714.6870359818079
1892,1649.2577418749213
1893,1673.6162305039807
1894,1691.3799796256637
1895,1707.8239694660467
1896,1716.2850378246073
1897,1735.0781514219807
1898,1759.107783030147
1899,1793.076976162109
1900,1811.7091118418025
1901,5713.328921262283
1902,1729.8275949306314
1903,1742.890554093159
1904,1777.99226245423
1905,1797.2677883800504
1906,1809.5481811939912
1907,1839.0992795383934
1908,1857.098728194331
1909,1886.8053626956414
1910,1899.356616465605
1911,1923.3951505859463
1912,1730.2880853507622
1913,1761.533808266186
1914,1774.392538335679
1915,1811.0382396106813
1916,1844.3957820084822
1917,1887.473835589501
1918,1895.97490275717
1919,1925.490092694625
1920,1947.3825016182761
1921,1955.689520052045
1922,1791.7571168715829
1923,1835.050954496455
1924,1853.3209238052364
1925,1866.7158955675704
1926,5610.654872481459
1927,1694.1836116470186
1928,1710.6120558706775
1929,1735.3321788993271
1930,1755.5145661335391
1931,1761.6336812177874
1932,1611.4392484662535
1933,1632.112236767342
1934,1657.0421562211686
1935,1687.9807819384096
1936,1698.358622131919
1937,1710.9364210639408
1938,1746.8580529015944
1939,1768.3669121055314
1940,1788.6273141695601
1941,1816.0179376856963
1942,1688.7197474565264
1943,1731.4174153781555
1944,1755.3407514298583
1945,1774.4793887546286
1946,1800.959703970566
1947,1836.0354516952473
1948,1864.260735208961
1949,1895.8734755596863
1950,1905.6012937992632
1951,4945.493835136184
1952,1506.601826933111
1953,1533.009316673582
1954,1555.2917886427815
1955,1577.0562042759768
1956,1608.5569124412611
1957,1634.3274148455348
1958,1656.4193112760647
1959,1677.5999626005664
1960,1686.1699861691325
1961,1705.3023025322361
1962,1578.4272656773157
1963,1602.4153042081923
1964,1634.517110941494
1965,1666.4559794934664
1966,1688.2472423698905
1967,1710.372018551263
1968,1721.4655815928727
1969,1744.7193124523178
1970,1764.3650284668004
1971,1782.7689107243095
1972,1743.9556827881688
1973,1769.2234610225314
1974,1802.1299416547881
1975,1839.4483872342971
1976,5693.380420573008
1977,1707.4796449713804
1978,1736.1609010776592
1979,1762.0191063608695
1980,1782.5035234503696
1981,1805.3996378194067
1982,1601.5973046625568
1983,1635.3009802509657
1984,1652.0597006784396
1985,1674.1165721279565
1986,1698.3267702231096
1987,1723.7842050107297
1988,1745.5034935533768
1989,1766.6657188016975
1990,1794.0099139276888
1991,1818.5376340095854
1992,1670.8996182246092
1993,1685.1118491577456
1994,1721.4191326920347
1995,1742.4392021533533
1996,1763.552205477684
1997,1778.9478861603695
1998,1804.5460852242215
1999,1822.573619905873
2000,1834.1591162723528
2001,5270.698233239601
2002,1557.2544176196677
2003,1566.8334025663237
2004,1587.3473851762449
2005,1620.5756541118917
2006,1637.3997186596032
2007,1652.3058677243064
2008,1672.477760114698
2009,1693.2991217107058
2010,1715.3732018995447
2011,1736.519751054364
2012,1726.1022857319513
2013,1747.416788038082
2014,1767.1299216166908
2015,1788.4037949484823
2016,1814.0906194491308
2017,1842.372455556732
2018,1881.9919309253723
2019,1908.477341036589
2020,1932.1436883045105
2021,1971.8151643573278
2022,1924.9293424795133
2023,1941.94047414961
2024,1967.6886097993338
2025,1982.9720972737716
2026,5316.18852216219
2027,1593.9079056724713
2028,1596.2174047448805
2029,1620.211706582919
2030,1642.1281013123814
2031,1664.4141619618106
2032,1456.7689882194854
2033,1474.0037571836021
2034,1491.3874486717614
2035,1515.6394850055533
2036,1525.753322406961
2037,1552.543458878799
2038,1569.5048930127266
2039,1584.1281983353526
2040,1602.0390518681243
2041,1630.6748645756825
2042,1441.8312867502648
2043,1453.0599370573052
2044,1480.515426534669
2045,1492.743976021789
2046,1529.3124674080689
2047,1550.3015231327313
2048,1576.1321863957087
2049,1604.6895570364888
2050,1613.5326811186353
2051,5037.873787276431
2052,1479.930297083821
2053,1496.5902267860838
2054,1511.6966069073117
2055,1530.1474251371353
2056,1568.7349387192487
2057,1602.325274682295
2058,1617.3949093078782
2059,1642.3343922448635
2060,1675.9608313976826
2061,1711.6894572169158
2062,1707.8798846153277
2063,1725.7653029148328
2064,1751.6710417850177
2065,1765.767634280837
2066,1795.8123994258965
2067,1824.1792036133954
2068,1842.3449192252308
2069,1868.4114046478824
2070,1882.581199064907
2071,1903.6141918165767
2072,1685.6673159309182
2073,1699.7362713110629
2074,1722.5571143758186
2075,1749.9260716974843
2076,5467.05808900687
2077,1613.6329779442224
2078,1637.5889011542818
2079,1662.4954754340683
2080,1696.6919308005722
2081,1724.7707158030041
2082,1649.785442433751
2083,1659.832952551552
2084,1677.2611778079659
2085,1701.0538615659648
2086,1717.9586276563718
2087,1737.6818211819227
2088,1758.7088906597
2089,1779.798983764778
2090,1795.5288933622558
2091,1812.8677416247335
2092,1768.0420633041035
2093,1792.7576736349076
2094,1808.6280903216755
2095,1824.294824386658
2096,1836.6082822173873
2097,1854.231295965071
2098,1874.2742570173073
2099,1888.0812179852005
2100,1908.4278737058428
2101,5102.170135982213
2102,1508.2675367674365
2103,1523.7203146606657
2104,1540.8112648587542
2105,1540.078332825184
2106,1553.72711228228
2107,1586.9209963115802
2108,1621.8960293121365
2109,1646.0699772368266
2110,1662.4627998936373
2111,1681.5183428219377
2112,1619.3512912716697
2113,1627.964972356074
2114,1665.1086541874101
2115,1676.846009969815
2116,1694.1877679374422
2117,1715.6483802650275
2118,1733.9275069457885
2119,1754.032544251074
2120,1776.5940255597218
2121,1789.496889701219
2122,1689.2517231145346
2123,1714.311143450497
2124,1729.4444615258697
2125,1748.424570748537
2126,5186.088727421149
2127,1496.9777395965527
2128,1524.9054719425615
2129,1540.0541526106724
2130,1558.3243719500235
2131,1575.494090624989
2132,1517.2714949543852
2133,1545.3491385930454
2134,1559.6624296381501
2135,1578.2792777378738
2136,1597.7122744248077
2137,1623.5888638534393
2138,1644.729300760976
2139,1658.4361337799235
2140,1679.6704659229315
2141,1693.85309801276
2142,1458.735417287067
2143,1480.916416466557
2144,1497.1547021923905
2145,1522.1153939286414
2146,1543.2979097778364
2147,1565.41958849512
2148,1579.4486277557273
2149,1601.7070916570922
2150,1617.0233063695523
2151,5200.379663691056
2152,1494.8890234478245
2153,1503.826873958013
2154,1524.282346463943
2155,1543.8869768181196
2156,1574.6283280577468
2157,1589.263565525256
2158,1606.8142412375528
2159,1621.0927300442386
2160,1657.5745693989738
2161,1680.5970711680159
2162,1595.0990997755941
2163,1608.3550434114454
2164,1627.2602009939474
2165,1633.9488169556282
2166,1652.1711267038634
2167,1668.145490912355
2168,1697.8671528604696
2169,1718.944891073348
2170,1738.7990422896712
2171,1764.1631035825242
2172,1694.1466711698154
2173,1713.2764710094718
2174,1725.7840693652531
2175,1728.3602806478732
2176,5168.5589431903545
2177,1458.5391241333364
2178,1472.8653507394708
2179,1490.539276279353
2180,1510.2642228132881
2181,1531.0965941784148
2182,1500.9391335437917
2183,1516.3476397905242
2184,1528.4190134978953
2185,1549.2923900086926
2186,1562.9712444731404
2187,1581.4875609630462
2188,1598.4770154001806
2189,1610.780992324253
2190,1630.2321878711552
2191,1655.7334919826446
2192,1531.176982777142
2193,1557.214390045598
2194,1571.2569408169948
2195,1600.7207623669312
2196,1608.1186790560869
2197,1633.7594852190794
2198,1661.8662651300108
2199,1679.5522044205945
2200,1697.5763300061735
2201,4886.110446386252
2202,1390.4252016078492
2203,1420.1681104631127
2204,1434.4989871573227
2205,1454.651139181177
2206,1466.8801812363527
2207,1484.7899346021486
2208,1497.1214896878168
2209,1507.0033260272342
2210,1525.4869082171624
2211,1536.3548450961457
2212,1424.197050455323
2213,1437.3874084383692
2214,1466.8337190443397
2215,1474.3120772714985
2216,1489.6398854567306
2217,1509.334534908303
2218,1521.805924213259
2219,1525.7024758316145
2220,1539.524607452515
2221,1552.373633684438
2222,1491.7422523462403
2223,1504.4618182022136
2224,1522.272392335379
2225,1537.1972869002618
2226,5158.982462637332
2227,1497.5655495191809
2228,1523.3502034359724
2229,1532.7420660063083
2230,1555.675391526169
2231,1568.9880749696579
2232,1564.3707107441412
2233,1581.5823173179738
2234,1597.7669482423098
2235,1614.3860563246076
2236,1631.0410246097301
2237,1652.123232409123
2238,1670.5966419055417
2239,1698.475564219907
2240,1711.4916657814179
2241,1734.4211243134566
2242,1592.3295471752042
2243,1607.8080237022891
2244,1635.1493244104634
2245,1651.406390403449
2246,1658.4537457082142
2247,1675.4268906718817
2248,1684.5932849632197
2249,1695.7700065914576
2250,1707.6962693712871
2251,4946.1872672053705
2252,1443.226186979858
2253,1455.156045579868
2254,1469.8776534208803
2255,1498.882440003638
2256,1511.755640873633
2257,1518.1090695400483
2258,1531.450611093184
2259,1548.4120271589677
2260,1565.0496079381112
2261,1580.776736316513
2262,1580.1055010417263
2263,1597.8772581533576
2264,1622.6733047716775
2265,1636.8216653127567
2266,1651.8330406843497
2267,1665.0475196424131
2268,1674.7245380880356
2269,1683.6952986671404
2270,1690.8025126082373
2271,1702.0310633022834
2272,1607.051813254508
2273,1625.2000259387992
2274,1640.9241965896172
2275,1650.4784937238383
2276,4930.734620492315
2277,1435.7437997465756
2278,1450.9056196215215
2279,1468.2902982865032
2280,1479.749004613933
2281,1496.542692293374
2282,1308.862827021493
2283,1320.2610420506792
2284,1332.1017448395382
2285,1344.9136789290094
2286,1360.1023366581808
2287,1376.3207238193856
2288,1390.1229812118424
2289,1393.7826153137707
2290,1407.912643105151
2291,1417.4236960170297
2292,1353.3150182561988
2293,1359.972910829791
2294,1373.070043035515
2295,1387.3125983134025
2296,1400.4647775808833
2297,1407.912815256112
2298,1424.2980311494032
2299,1447.9835224333888
2300,1466.3492253397626
2301,5270.828614931626
2302,1460.7230319044693
2303,1473.0589789491053
2304,1489.3829384329174
2305,1504.9093618898637
2306,1517.0965713095336
2307,1525.4922021551486
2308,1540.8253916530011
2309,1547.3024335082123
2310,1577.2211221481612
2311,1590.135480666311
2312,1483.1986001730222
2313,1492.8808287889847
2314,1504.1037273031923
2315,1515.6734018714396
2316,1532.600715430493
2317,1544.7691232393267
2318,1562.168228948834
2319,1576.4538901350068
2320,1593.9427291127358
2321,1605.4350119420524
2322,1575.8993022769423
2323,1586.6761262559098
2324,1601.1183848601986
2325,1618.591555675138
2326,5180.554618939499
2327,1457.708034939487
2328,1471.3893182757568
2329,1487.092725346374
2330,1501.8850053582958
2331,1515.5900145844346
2332,1459.7820044200091
2333,1482.0330542106674
2334,1499.8598285285757
2335,1514.0517401339116
2336,1538.4826544539615
2337,1553.1023550592909
2338,1564.3850405152562
2339,1579.8993808950627
2340,1582.5606416811383
2341,1602.813703679495
2342,1542.6567952295584
2343,1552.4113044223884
2344,1559.421390880842
2345,1572.157880503901
2346,1581.3313005649943
2347,1598.9960505303477
2348,1613.5448991035803
2349,1619.0385345708764
2350,1640.3044706984067
2351,5447.936093720504
2352,1498.9026666215725
2353,1517.8676310951441
2354,1533.6787941284606
2355,1551.6859169197153
2356,1564.0184925378005
2357,1581.461848690854
2358,1587.525692480742
2359,1586.5011675446099
2360,1605.2157056492808
2361,1623.1894119678464
2362,1608.4515716860947
2363,1621.580265867629
2364,1634.02461788994
2365,1655.2926038518378
2366,1668.406183676564
2367,1682.5377903383383
2368,1693.9020462610486
2369,1718.1159693663708
2370,1734.4129173925007
2371,1745.697962139051
2372,1680.911426610273
2373,1695.0571763918304
2374,1704.127243927755
2375,1721.3948537908486
2376,5699.829377597751
2377,1555.31980791821
2378,1578.090038271555
2379,1585.5775211734579
2380,1596.0919259307987
2381,1599.8826420675057
2382,1592.994417457284
2383,1603.3318667071815
2384,1613.3351263355892
2385,1624.6393498037266
2386,1645.426802627882
2387,1659.2293399510593
2388,1666.5668528818298
2389,1685.0798944134597
2390,1695.8852692890164
2391,1704.341805893659
2392,1686.3937228477455
2393,1700.4303812720061
2394,1716.9079429645253
2395,1736.7343705100204
2396,1754.0812867109416
2397,1765.5796132868068
2398,1776.0652951257714
2399,1792.8696020841032
2400,1808.2030583077856
2401,4910.688063141828
2402,1304.618021418501
2403,1319.487281045175
2404,1330.172812179806
2405,1344.6939381711722
2406,1364.3612294925977
2407,1376.0595170967142
2408,1391.1581679521814
2409,1396.429318930984
2410,1403.7972169317406
2411,1416.2157038398288
2412,1365.357085164684
2413,1374.450081959177
2414,1387.4285267365954
2415,1393.2866572766395
2416,1405.6960306562698
2417,1423.43877416183
2418,1429.0825528185899
2419,1436.0588292163818
2420,1443.9755696046993
2421,1459.862480619038
2422,1380.6425226065135
2423,1391.6002240354817
2424,1402.7993238430665
2425,1417.4904071481756
2426,5337.007834436534
2427,1437.8971820658337
2428,1450.5538653465758
2429,1456.9616493090657
2430,1459.805894558439
2431,1474.6612007456476
2432,1355.5788771689201
2433,1367.2461637631875
2434,1373.7922337269426
2435,1385.7196871647461
2436,1396.3714528929697
2437,1410.1443067424732
2438,1425.1246500804136
2439,1449.2444444198047
2440,1458.2608826634155
2441,1474.5945664799408
2442,1286.5611145504722
2443,1303.628543033167
2444,1325.5887179451083
2445,1339.308865642479
2446,1352.049368698972
2447,1375.8402852925258
2448,1392.1912056181484
2449,1404.5391599759903
2450,1413.9801970847482
2451,5197.284480211555
2452,1392.4044651825648
2453,1409.469275719024
2454,1426.8858028466907
2455,1441.1701921867686
2456,1454.92085189801
2457,1462.9486874144488
2458,1482.8556736690136
2459,1492.0524862981463
2460,1507.3459019674594
2461,1523.510649460449
2462,1510.3904655077588
2463,1519.397863707133
2464,1526.8459523206475
2465,1533.0673596973654
2466,1544.311434076133
2467,1556.0101822372399
2468,1574.2886093281259
2469,1600.8107726675082
2470,1616.318927682774
2471,1631.2475348422915
2472,1516.249106493295
2473,1520.9377785781617
2474,1530.2952176452984
2475,1551.0192510575437
2476,5123.485771054017
2477,1380.5497789318777
2478,1391.7937685392938
2479,1399.0830778663815
2480,1419.211068804963
2481,1423.3231538295581
2482,1248.899909600949
2483,1256.65857905271
2484,1266.9988973973389
2485,1274.2657240090125
2486,1287.5767892270649
2487,1299.162083421128
2488,1308.8660786759233
2489,1317.5619931184758
2490,1330.515931732707
2491,1340.4970348525587
2492,1267.2112200295496
2493,1272.2850759366954
2494,1289.7843565591254
2495,1305.1239493855917
2496,1312.693262295711
2497,1327.4391008172106
2498,1341.0446795272096
2499,1343.758850582018
2500,1358.9530290988766
2501,5131.285065667298
2502,1322.50706616929
2503,1332.4176405894596
2504,1348.796016271445
2505,1358.3652529107044
2506,1369.9860276560735
2507,1382.4924584148287
2508,1390.50180659328
2509,1402.6230054608336
2510,1421.7890596549798
2511,1443.5986358131915
2512,1288.461490442404
2513,1288.658429579236
2514,1298.6345782271026
2515,1311.691500088818
2516,1321.9875771381617
2517,1332.2302864188798
2518,1343.0726409239858
2519,1361.1206587220731
2520,1371.9998221960477
2521,1387.9511479919129
2522,1240.1298285826997
2523,1250.325353246497
2524,1274.993369638131
2525,1287.2230686876007
2526,4714.653116916806
2527,1242.6955362437316
2528,1248.9895919324795
2529,1258.4539556927957
2530,1273.507394338435
2531,1286.4252593110357
2532,1143.0922922367047
2533,1154.8918582311762
2534,1157.4229989405524
2535,1176.7812313288587
2536,1180.4188193648988
2537,1186.6022772496012
2538,1192.9891795563299
2539,1202.9067663900896
2540,1213.4896785068388
2541,1221.3831088665083
2542,1108.4027560485238
2543,1111.2600209325888
2544,1122.924274094274
2545,1135.6866559089508
2546,1146.4864037701332
2547,1162.9594796874953
2548,1177.981771672582
2549,1189.9813498131746
2550,1202.2598507229077
2551,5218.496414479905
2552,1332.4054572670223
2553,1342.7003963517914
2554,1354.955668425029
2555,1366.925493890719
2556,1378.805273827047
2557,1388.550560516764
2558,1395.8364063374863
2559,1408.6320317355635
2560,1418.497114122244
2561,1424.4156189965188
2562,1320.4722752874916
2563,1334.476613244845
2564,1341.648834838051
2565,1349.747091418771
2566,1356.4786858774744
2567,1377.1739853700103
2568,1389.467718652447
2569,1400.5715738526876
2570,1409.465094961211
2571,1420.8708863647619
2572,1406.9242165435771
2573,1414.8272019157882
2574,1429.9892274624235
2575,1438.2723529624172
2576,4998.090149926909
2577,1303.5587292949324
2578,1315.766297040803
2579,1327.8099524573147
2580,1333.6163316298423
2581,1343.3204479612104
2582,1325.2782050513201
2583,1324.2925559066227
2584,1327.354340152189
2585,1336.5559751971903
2586,1341.7475363701653
2587,1354.468444360995
2588,1371.7441644309217
2589,1379.467991121044
2590,1390.7501162251324
2591,1401.8969626060327
2592,1386.1896075686998
2593,1396.5500414235962
2594,1410.1366663735153
2595,1415.179213557463
2596,1437.3571393425088
2597,1448.1172679075544
2598,1457.8263864341088
2599,1470.0987817216057
2600,1482.7064726181482
2601,5094.930850102138
2602,1262.7875246330125
2603,1274.4977761219257
2604,1281.103815805214
2605,1289.8309109296476
2606,1293.402590502731
2607,1312.4746505916657
2608,1332.3743152623965
2609,1343.7197937665524
2610,1350.8540290682536
2611,1357.2959663120162
2612,1353.0618826135524
2613,1366.0183251816864
2614,1377.8381833312233
2615,1388.645437002831
2616,1401.1092488534066
2617,1407.6806600291652
2618,1417.3101037380545
2619,1433.5586099185243
2620,1445.6961361881608
2621,1453.790325114628
2622,1333.0131046657261
2623,1334.2332628697814
2624,1347.7706831600194
2625,1358.1835256349339
2626,5121.217344166468
2627,1277.6844161254273
2628,1283.9095586643675
2629,1297.0518740350374
2630,1304.5989477624616
2631,1315.6559373132607
2632,1309.8038031973126
2633,1310.3946164322888
2634,1325.402223373477
2635,1335.5626348335284
2636,1348.9027548047004
2637,1358.5548848929573
2638,1364.7404980102544
2639,1377.355912939515
2640,1382.8647010016537
2641,1396.0622704694645
2642,1274.5849344094586
2643,1284.4143601248845
2644,1292.7522708900804
2645,1304.5382804978904
2646,1309.927949139755
2647,1316.5683009654856
2648,1328.4221599845841
2649,1334.19042303544
2650,1338.0850351835645
2651,5192.565161434541
2652,1272.4867529436942
2653,1275.3293863415106
2654,1279.7140300995814
2655,1286.6922969198224
2656,1295.8056696597428
2657,1307.3539352914581
2658,1314.4755994903844
2659,1321.2523790932266
2660,1328.131797514317
2661,1335.8831263419618
2662,1277.072116348004
2663,1285.3108750828508
2664,1302.4815599514793
2665,1312.9645623584397
2666,1326.2682217254378
2667,1332.6531500425567
2668,1338.1519300231405
2669,1350.8557933438844
2670,1366.5795389933255
2671,1375.780730219338
2672,1247.0190942335726
2673,1257.656361391554
2674,1266.9226248719385
2675,1275.0676271739665
2676,5201.098139995987
2677,1280.621151497391
2678,1287.2831535985251
2679,1291.3482539140591
2680,1304.694159028559
2681,1313.9069474492696
2682,1247.1448400891934
2683,1262.2791944453716
2684,1279.5412181138358
2685,1288.8793638756422
2686,1294.5160064270249
2687,1302.183265728611
2688,1306.9463384963894
2689,1317.6442618889655
2690,1332.0807934784475
2691,1342.7996283698337
2692,1220.1631919931572
2693,1229.1810674006736
2694,1240.0107465148053
2695,1247.379801665106
2696,1261.9012345952972
2697,1271.4803621628303
2698,1280.783780294013
2699,1287.0174922944605
2700,1298.4454181286512
2701,5145.201774635337
2702,1221.5227822186303
2703,1224.7631175539495
2704,1235.2679095646897
2705,1250.908475155165
2706,1257.7419126739514
2707,1266.8169936948225
2708,1273.265917061442
2709,1282.361661845518
2710,1287.041598672873
2711,1288.620742732669
2712,1161.156810970656
2713,1177.3523083783516
2714,1187.1973082661216
2715,1193.9290027067784
2716,1204.9528914066489
2717,1216.5725577516528
2718,1224.0366769104737
2719,1230.9708289026757
2720,1238.1757524101477
2721,1251.4621439598388
2722,1197.3922557834421
2723,1211.5447323228557
2724,1216.5284243219205
2725,1229.5043067575969
2726,5069.880137872556
2727,1210.5221052163727
2728,1227.669428823326
2729,1234.8842417107887
2730,1242.873832860784
2731,1255.1149787880463
2732,1141.1225404250588
2733,1148.8998078966606
2734,1154.7035868624328
2735,1160.806265023831
2736,1170.8890696754925
2737,1180.6412854224218
2738,1185.820216424222
2739,1193.3366272987334
2740,1203.1773277527334
2741,1213.1140882755974
2742,1041.8917860580586
2743,1054.3999059363769
2744,1060.8808227699883
2745,1070.5860487923514
2746,1077.3181800819336
2747,1082.1261401304434
2748,1096.5845976554892
2749,1104.9281223846654
2750,1113.5277945525854
2751,4774.494568289409
2752,1141.3754616639437
2753,1146.2783881482299
2754,1153.236149128424
2755,1154.5390205618985
2756,1169.100227917327
2757,1174.6189196445466
2758,1180.8981760715733
2759,1187.9845759697243
2760,1194.345447663141
2761,1206.942831837135
2762,1200.5139684743858
2763,1208.0870465190824
2764,1213.626399138512
2765,1222.7546192364523
2766,1225.879861135594
2767,1235.0350064496445
2768,1249.5403916950302
2769,1253.504510470624
2770,1260.5263731010682
2771,1262.663629792422
2772,1253.8406719896784
2773,1260.1301836237533
2774,1264.9839886458055
2775,1265.1881341067976
2776,5124.473297122884
2777,1197.3001866598622
2778,1202.5395442243816
2779,1212.0616306293791
2780,1222.6224720425155
2781,1231.659560492477
2782,1166.637630266743
2783,1174.3731189025543
2784,1186.1883756291895
2785,1191.417231457325
2786,1196.8118097006309
2787,1197.0155748003554
2788,1204.8994552197487
2789,1208.8688234259582
2790,1216.172438559871
2791,1228.074712080517
2792,1160.8635016361627
2793,1168.132576441883
2794,1176.8998597259729
2795,1179.9620591900398
2796,1181.1624043034492
2797,1186.4935655687254
2798,1193.619058807231
2799,1203.8073561478654
2800,1208.379894273585
2801,5039.879356050837
2802,1131.559671396424
2803,1137.1443975464965
2804,1143.747503279348
2805,1149.9324845110311
2806,1151.9174533377588
2807,1160.660255099732
2808,1164.1470618666553
2809,1171.5804451869537
2810,1178.1918879126445
2811,1182.705066573283
2812,1033.0892655103175
2813,1035.8895787969473
2814,1047.0113693725723
2815,1053.595568090064
2816,1057.8791608841034
2817,1064.74609069452
2818,1074.5607199293322
2819,1076.6692181038497
2820,1086.0039559475595
2821,1097.1569066533964
2822,1077.5002724486983
2823,1085.4018839848634
2824,1093.9338575215882
2825,1100.1012546871284
2826,5078.091899384623
2827,1182.062196728438
2828,1191.142843456552
2829,1200.9762467307849
2830,1208.9732755769037
2831,1216.7353327046656
2832,1210.3289133202866
2833,1214.4479127106486
2834,1222.0648107088643
2835,1228.4748280261626
2836,1237.3795166020461
2837,1245.5883236096104
2838,1252.8806066236455
2839,1266.5931372760056
2840,1277.709074989873
2841,1281.3728878516738
2842,1222.286198845203
2843,1227.5573451653347
2844,1231.4938819131785
2845,1237.8478764800404
2846,1241.8359934698851
2847,1246.684835998096
2848,1250.9621605830814
2849,1255.7731854590504
2850,1262.657626030961
2851,5590.85952694665
2852,1255.1601103220428
2853,1265.2993715111124
2854,1269.9185493799762
2855,1277.2088946812946
2856,1280.9022092298992
2857,1289.0263509027411
2858,1292.8040815248155
2859,1296.3940124004075
2860,1300.5639892770791
2861,1306.5987494733351
2862,1174.2140225341016
2863,1178.5459558172129
2864,1185.775751140709
2865,1197.3465866250065
2866,1203.9576757226705
2867,1212.916280499334
2868,1216.897414562175
2869,1223.3099848179063
2870,1233.27369253641
2871,1240.5450147840484
2872,1221.0866148171526
2873,1228.415120926407
2874,1236.1131456439466
2875,1240.6489588625184
2876,5204.069991429352
2877,1179.9078192610739
2878,1194.486471810077
2879,1199.3156646734562
2880,1206.17084124234
2881,1209.4116848469412
2882,1040.8389465451196
2883,1045.5753048065292
2884,1054.9558597373102
2885,1055.646003351122
2886,1066.653744487494
2887,1072.5344618022812
2888,1079.5728606732612
2889,1086.9854137259824
2890,1091.2120242437477
2891,1096.9467789276391
2892,1037.1096863078174
2893,1040.2160454533687
2894,1047.5488621566594
2895,1051.4990306092573
2896,1056.2747919265073
2897,1062.682650919444
2898,1068.112870925378
2899,1072.0605074467253
2900,1073.0583996711355
2901,4751.568936087174
2902,1044.3304853408997
2903,1049.6666312034106
2904,1059.5853779763909
2905,1063.2176155041598
2906,1068.0183469767633
2907,1075.1883797603848
2908,1078.6566194977845
2909,1090.0681490915015
2910,1095.4105352964457
2911,1104.9272480800335
2912,905.7651894722076
2913,916.3120915083548
2914,924.9054958811977
2915,929.2391799191564
2916,933.7401591710541
2917,942.2375637165807
2918,952.5356013828289
2919,957.93100059801
2920,961.5883535018451
2921,965.8206656941154
2922,951.1661151372492
2923,955.9088950218895
2924,960.6086861274391
2925,965.3414337359417
2926,5060.463949496339
2927,1097.853879422715
2928,1104.6342365337068
2929,1112.3447626037596
2930,1112.534541722568
2931,1119.047106961649
2932,1007.7525059346531
2933,1013.6604254595543
2934,1022.0821439477174
2935,1030.4606773174107
2936,1039.6550688566908
2937,1042.05672728618
2938,1046.2950692801198
2939,1051.2874965605845
2940,1054.2283709832075
2941,1058.913497000719
2942,905.0790218078391
2943,910.9799873153561
2944,914.5765725496475
2945,920.0371875765298
2946,926.4724018349675
2947,930.1523807287922
2948,934.4033773202624
2949,939.2404345649875
2950,945.7636147030703
2951,5114.708167390765
2952,1105.3242197866311
2953,1107.1602269544367
2954,1119.3916125196324
2955,1123.5611955242812
2956,1137.3667986877122
2957,1138.324896526958
2958,1145.9730499163743
2959,1158.6996450275
2960,1164.7825507525026
2961,1173.1435525500224
2962,1060.750252501953
2963,1066.3045102064223
2964,1075.053161024005
2965,1079.362929170485
2966,1088.1665832665394
2967,1093.7328372135096
2968,1104.2149054017518
2969,1108.0789643922153
2970,1111.6103659493497
2971,1115.1608832507754
2972,1109.885734511718
2973,1109.2659594436573
2974,1112.310512221923
2975,1118.6214038172097
2976,5033.071025092561
2977,1081.1727080220744
2978,1088.668636903658
2979,1091.5017863984335
2980,1095.6924631958268
2981,1100.057405809947
2982,1048.3942769329385
2983,1052.2507095702897
2984,1054.692138008606
2985,1062.6622678517588
2986,1071.6603107041014
2987,1077.7459855910292
2988,1081.2680283603238
2989,1086.1705507112988
2990,1089.9902661496535
2991,1093.8376355621358
2992,985.8925648467082
2993,991.1328443075414
2994,994.1401176744104
2995,998.0182437543699
2996,1005.9331565064654
2997,1009.2458743908253
2998,1012.5633186611673
2999,1018.8332355401645
3000,1021.7621304956339
3001,4964.702201082817
3002,1030.2959273901029
3003,1035.2161322594243
3004,1040.3232134448244
3005,1044.8547703123218
3006,1049.7722648618767
3007,1053.2423520724665
3008,1056.9698195347903
3009,1063.778894919052
3010,1067.5160639174242
3011,1073.3148969079716
3012,932.6574051657534
3013,935.5655348309849
3014,938.5946394311586
3015,948.4515999517316
3016,951.3779282141466
3017,955.220499923604
3018,959.8473183798941
3019,969.3654773631911
3020,968.4328449511695
3021,977.7566865452204
3022,916.9965008083091
3023,921.2068044663641
3024,922.499651873394
3025,931.3884583491259
3026,4950.725106602957
3027,1037.9182308295929
3028,1041.0646261650645
3029,1047.4669633037247
3030,1050.1212412685345
3031,1053.5368593640771
3032,945.8817745704772
3033,948.8479453891391
3034,955.654605866238
3035,962.4928351217746
3036,965.0778184429921
3037,967.7585280616771
3038,972.1993507012597
3039,976.0524471656934
3040,979.1494639381665
3041,983.5173124815406
3042,944.1124348666094
3043,946.3160754933914
3044,951.248594960783
3045,957.4422052297066
3046,960.2780731261438
3047,964.6148404340229
3048,964.981679598549
3049,969.960329073886
3050,975.7836831005744
3051,5264.115222813103
3052,1083.2685605982385
3053,1088.4533587545789
3054,1092.56647992935
3055,1096.0157195666882
3056,1098.002431424618
3057,1099.6740903446753
3058,1104.4213353386572
3059,1103.8246682136958
3060,1110.3859150776352
3061,1121.6390542470476
3062,1072.5052899242535
3063,1076.3552701933038
3064,1078.0554428895998
3065,1080.4411853301863
3066,1087.4075290516198
3067,1089.8152495005436
3068,1094.1037257640146
3069,1095.4179271772223
3070,1098.5653626660503
3071,1104.2202136797446
3072,1097.0634442747698
3073,1102.7529303945742
3074,1105.637416203109
3075,1107.4697863933204
3076,5091.803770736138
3077,1049.0173883780817
3078,1054.497151297329
3079,1061.652465578021
3080,1065.417264861813
3081,1068.0116664243362
3082,1010.0646781312884
3083,1009.8755400269583
3084,1014.2214027148817
3085,1016.0314243341381
3086,1019.3163852570394
3087,1023.7012597982574
3088,1026.5140918420227
3089,1030.2408545463268
3090,1030.1977098196421
3091,1032.9926675265617
3092,936.709838638416
3093,941.7626964045454
3094,944.3445682460533
3095,947.6325794983799
3096,951.04282134756
3097,958.614508999591
3098,964.1681919575293
3099,969.6839688497306
3100,972.0964144853547
3101,5132.5420468908615
3102,1007.596213088451
3103,1011.4467349798537
3104,1009.3297352985606
3105,1014.1804531080014
3106,1013.8262752233494
3107,1020.7976658167414
3108,1025.19446949657
3109,1026.3171971941333
3110,1031.172591209731
3111,1033.6645640987451
3112,979.3625941403322
3113,983.359036618565
3114,984.9793077605487
3115,990.0742703115998
3116,992.7850427492525
3117,996.0637698580474
3118,1000.939969733166
3119,1004.7287786211061
3120,1009.3378639888296
3121,1009.6701028524574
3122,949.9453532990439
3123,952.6349735377554
3124,957.3425783172343
3125,958.7429908434666
3126,5450.383738185777
3127,1079.5628798386433
3128,1083.9333840089246
3129,1085.5202359413297
3130,1094.551314979912
3131,1096.9131497328747
3132,972.6402444586823
3133,975.435552873809
3134,979.1946689577549
3135,982.5330481781245
3136,984.9436496956997
3137,988.4560304164124
3138,992.0320589002769
3139,993.7543159092697
3140,994.5087052209833
3141,1000.499479535854
3142,962.295105394318
3143,965.3650976883182
3144,969.5488930785272
3145,973.9586485920458
3146,978.0744200312796
3147,978.8842895277504
3148,981.4808566873216
3149,986.2266141565218
3150,994.297136956498
3151,5163.701000496921
3152,1027.102085051158
3153,1030.030351577484
3154,1033.9850197712394
3155,1033.290969578211
3156,1035.8974918259403
3157,1040.6160039264935
3158,1047.0759304724954
3159,1049.738026760868
3160,1054.379697798275
3161,1055.7356184557457
3162,1054.1246587234782
3163,1055.1151400951137
3164,1061.0026890144493
3165,1067.5149283106205
3166,1071.6106219120832
3167,1078.180678541835
3168,1080.8189882072438
3169,1084.9060613345864
3170,1091.5636699555487
3171,1094.7663479966704
3172,982.1138712840659
3173,985.3234398547557
3174,990.8697783170915
3175,995.4633296292359
3176,4777.873359982947
3177,943.699749702065
3178,947.0770707716463
3179,952.2842915761672
3180,949.031294214039
3181,955.3473429023826
3182,946.7429382913177
3183,954.1997189804443
3184,958.9379033595296
3185,960.5603341101067
3186,966.4353655314478
3187,969.0011122308329
3188,972.1315447197414
3189,975.111396138981
3190,978.3192166230368
3191,980.6925220590983
3192,934.6995823786633
3193,936.9917060611106
3194,936.2090022778771
3195,940.946260550575
3196,947.2040848193797
3197,950.7458072452727
3198,953.0689690065494
3199,958.1891816781758
3200,958.4740396354338
3201,5219.96631358735
3202,979.7551772183575
3203,983.2885919535076
3204,986.5895974205993
3205,990.218864206888
3206,992.5852292705207
3207,996.599066346642
3208,1003.1736998986494
3209,1005.3155721304578
3210,1014.0443805471702
3211,1017.1985186560174
3212,924.4595533159845
3213,926.4992718538709
3214,929.8125732072197
3215,932.4853274479751
3216,934.6940162877406
3217,937.4275557793475
3218,939.762930980018
3219,941.1394906143807
3220,942.7544907871029
3221,945.1642978924139
3222,943.6063669225116
3223,945.5083122652569
3224,947.1645931028328
3225,950.0689396712169
3226,4966.332970032788
3227,950.9119189379735
3228,956.3582865279508
3229,959.3317745413619
3230,962.6241645479137
3231,968.1185507077954
3232,877.358114275339
3233,880.2629256763532
3234,885.7795195479766
3235,887.0529701645823
3236,889.7174138362582
3237,891.1790518727788
3238,895.909289007767
3239,902.2305075835444
3240,906.4869295564795
3241,909.3574318158979
3242,802.3038289722314
3243,810.2322174940699
3244,813.3196792755587
3245,816.4267313148058
3246,818.3739206648247
3247,822.0124469079261
3248,826.7109665981108
3249,829.6873845792554
3250,831.9760506031026
3251,4970.822207733218
3252,932.1262864094926
3253,935.7055781827545
3254,940.1820770825294
3255,943.1306378373487
3256,945.8846837730067
3257,948.5211737890089
3258,949.3649231887525
3259,956.204496535967
3260,958.2829798673978
3261,960.7208120716398
3262,957.5730471383865
3263,960.802881579012
3264,968.6181790369924
3265,970.885696032867
3266,974.4636832768726
3267,975.2151138266948
3268,976.2726170549522
3269,978.9441240419616
3270,980.4830751567489
3271,985.0712342445207
3272,892.925104392578
3273,895.7878521572152
3274,898.6507427228927
3275,901.2733436167597
3276,5708.469485407903
3277,1037.935362734863
3278,1040.0669287195826
3279,1040.4350392108443
3280,1043.2171958048916
3281,1042.6206061314604
3282,993.6895898169751
3283,998.3327500901694
3284,1001.7017061261047
3285,1003.7377796716848
3286,1006.352944830455
3287,1008.5665005707692
3288,1009.6734990743385
3289,1012.0002067709204
3290,1013.5865620902507
3291,1015.641602898978
3292,921.5876915275796
3293,923.4387057197779
3294,924.1762748493805
3295,922.6456519288927
3296,923.8556458827729
3297,927.4517373232677
3298,927.6913209247965
3299,928.709443326008
3300,930.5004620710854
3301,4876.798594037029
3302,866.3855159126565
3303,869.4808657768754
3304,872.7837210056067
3305,873.8076823535132
3306,876.2848022581445
3307,878.3516404615203
3308,880.9485744100097
3309,880.0207034113848
3310,883.6016039075763
3311,885.0538234734964
3312,780.6659709588955
3313,781.6851574220589
3314,785.5794323592705
3315,788.5316309055244
3316,791.873809068685
3317,793.9289029225914
3318,796.088436224879
3319,797.2613741116537
3320,800.2521445387058
3321,802.9937553094074
3322,800.7408824467557
3323,805.7096382523206
3324,808.200850640605
3325,810.5930157710345
3326,5020.806363122144
3327,905.487421904976
3328,908.7993301769039
3329,911.5142711007552
3330,913.9237114936772
3331,916.7600631815657
3332,875.0223883338012
3333,878.0447633727684
3334,878.6523066020823
3335,879.6700166381457
3336,882.0505171730008
3337,887.0003658443732
3338,888.8654216100138
3339,893.6560644680744
3340,897.6076505960006
3341,899.2249845727525
3342,896.3455074302342
3343,897.9245728899393
3344,899.2548670942627
3345,905.157525576801
3346,907.9044585385903
3347,909.8481675275784
3348,913.2978344187424
3349,915.8199159667834
3350,915.2193047118781
3351,5375.312561376917
3352,972.1205833937697
3353,973.5224188650791
3354,974.4208502840418
3355,978.1124215836558
3356,978.2483876619858
3357,982.704549412511
3358,984.4746932197611
3359,984.463398569468
3360,989.3957618681463
3361,991.3839539180653
3362,980.0811875744048
3363,982.2790313229107
3364,984.2168386941298
3365,983.6057600186655
3366,985.1695349278976
3367,986.9780315096224
3368,988.2548954836335
3369,994.0013879571535
3370,995.7075826981676
3371,997.0860520014569
3372,991.1493889640652
3373,993.2281883194266
3374,996.9101693564825
3375,997.4455962050165
3376,5113.726286888658
3377,912.084765531314
3378,913.416743192149
3379,917.1745465961147
3380,919.1021190416191
3381,923.1403175954928
3382,875.0878721378631
3383,877.2936690987742
3384,878.7281705845174
3385,881.3654473371887
3386,883.1107444945278
3387,884.7114595778905
3388,886.2941682150459
3389,887.1517230447872
3390,890.0038851835051
3391,887.9242583677183
3392,727.7520842084787
3393,729.5940299087086
3394,730.1889548323587
3395,731.2322106995643
3396,732.9050594928423
3397,734.9892011374575
3398,737.4271523277563
3399,738.5458601471449
3400,740.6183250097375
3401,4984.5262654663165
3402,848.4008790828674
3403,850.5200128620387
3404,852.5857882698417
3405,853.9751239111057
3406,856.742043879349
3407,860.0580327332904
3408,861.6526565167114
3409,865.6810530341422
3410,867.7374527945343
3411,869.0048693630746
3412,734.6426526661219
3413,736.2013104852283
3414,738.3167019063716
3415,741.9407593768116
3416,743.4864809254045
3417,745.9773428240883
3418,748.1375392495211
3419,748.9419000190308
3420,750.5945978314994
3421,753.369419042328
3422,701.8265157054219
3423,703.8014883116994
3424,708.3273579437799
3425,710.6501370488401
3426,5176.501229579749
3427,881.7582402760344
3428,885.0241984180831
3429,886.3791773750777
3430,887.6104306053189
3431,889.3604687230425
3432,882.2215003873911
3433,882.8550002810373
3434,882.5965160922939
3435,882.2617620543474
3436,883.8656635798864
3437,884.7266347988993
3438,886.5881244910709
3439,886.8487311498646
3440,889.7995146604852
3441,890.4638127318335
3442,791.6631118249736
3443,792.6265923818514
3444,793.5243992152714
3445,795.8256652790436
3446,796.7990370103988
3447,799.3215155494403
3448,800.4437499422578
3449,800.3751328663162
3450,802.8139168654263
3451,5184.866445239493
3452,870.3298948631298
3453,871.3010778816777
3454,872.1703148035456
3455,874.0130834442441
3456,875.3687908373639
3457,877.7630285571745
3458,880.9041048801317
3459,881.654279149445
3460,883.5891204231456
3461,885.1977270923998
3462,794.5523412733066
3463,798.7383599150095
3464,800.7450004087573
3465,801.8160997223324
3466,803.442561228397
3467,804.9119401735121
3468,805.5460171995949
3469,808.0311362327659
3470,809.6464559659776
3471,812.1769844475301
3472,710.2199002621828
3473,710.7554811938768
3474,711.520713194916
3475,713.0257234967261
3476,4964.487794703912
3477,839.5904021825868
3478,840.9022878524685
3479,841.4984613289115
3480,842.0481024249381
3481,843.736883552328
3482,722.5463646945142
3483,721.1397807037716
3484,723.5630694114502
3485,724.5268147147602
3486,726.4041057029949
3487,727.8568900321097
3488,728.0097205171016
3489,728.9649799257171
3490,730.7634374121232
3491,732.6410563085893
3492,678.1264313440564
3493,679.8435159357409
3494,683.3083225799833
3495,685.0717359869078
3496,687.3510911073129
3497,688.5684658077607
3498,690.3061200740912
3499,690.3976665530373
