Iteration,Best_Fitness
0,407.09409411735805
1,407.09409411735805
2,288.3140559612171
3,256.44960869293266
4,251.40948138996893
5,234.1947973512216
6,234.1947973512216
7,218.87941421458504
8,186.70183800488738
9,186.70183800488738
10,173.8828994439121
11,163.02431718198602
12,163.02431718198602
13,144.49756007799772
14,144.49756007799772
15,140.34735805151425
16,138.3754281065109
17,132.241137306931
18,132.241137306931
19,121.81133331042912
20,115.69071067445145
21,115.69071067445145
22,108.99433558338077
23,105.12341506593748
24,101.48469457103528
25,101.48469457103528
26,98.13784669803994
27,97.15032448974361
28,94.96488296563851
29,91.73527205425083
30,89.50790174735553
31,86.3120803948523
32,85.76456041530065
33,76.38747877174168
34,75.80638054815273
35,74.32849392291098
36,74.32849392291098
37,68.12057438735059
38,68.12057438735059
39,66.29246182103785
40,64.92287112733979
41,64.66367127885067
42,63.73806076566612
43,63.14844315242465
44,61.81079630870468
45,61.81079630870468
46,61.501685929726506
47,60.31314243045881
48,60.31314243045881
49,59.635931003113
50,58.23622350723329
51,58.23622350723329
52,57.01336242777887
53,56.37259365200839
54,56.37259365200839
55,55.264712029710125
56,53.20629180603771
57,53.19681907238413
58,48.11991138703132
59,45.97456331132477
60,45.97456331132477
61,44.51937573217813
62,43.16586358257831
63,43.16586358257831
64,39.487955958680175
65,38.12199875395754
66,33.66481706090474
67,33.66481706090474
68,33.66481706090474
69,32.40570672436479
70,32.27939850346223
71,31.341732716857848
72,30.96791970620501
73,30.716798028994333
74,30.39681907922227
75,30.1596344180125
76,29.716244310098716
77,29.559329140118052
78,29.559329140118052
79,29.289625411365193
80,28.915364539876066
81,28.354281699401895
82,28.354281699401895
83,27.69011548490346
84,27.69011548490346
85,27.483151701591908
86,27.196755447582802
87,26.752538589077687
88,26.752538589077687
89,26.55671284895095
90,26.345357615807472
91,26.343239388017935
92,26.095500717373966
93,26.095500717373966
94,25.835082328977535
95,25.60953837847677
96,25.60953837847677
97,25.25541197298395
98,25.104006456669993
99,25.064415014218582
100,25.045451267318754
101,24.899955877956643
102,24.899955877956643
103,24.823557343097775
104,24.823557343097775
105,24.823557343097775
106,24.453937891426563
107,24.453937891426563
108,24.35105683091939
109,24.237204162763362
110,24.237204162763362
111,24.095015604610637
112,24.095015604610637
113,24.095015604610637
114,24.095015604610637
115,24.06461210462203
116,23.96660938887726
117,23.74214636164112
118,23.74214636164112
119,23.736138707101077
120,23.607581787983634
121,23.607581787983634
122,23.590593985513635
123,23.590593985513635
124,23.491341988369243
125,23.394096985187446
126,23.34018420333757
127,23.34018420333757
128,23.34018420333757
129,23.34018420333757
130,23.2542238052294
131,23.203647376608956
132,23.203647376608956
133,23.203647376608956
134,23.141021583410065
135,23.141021583410065
136,23.07964316633263
137,23.07964316633263
138,23.0285326399802
139,23.00089683842208
140,22.872635160304583
141,22.872635160304583
142,22.858882623512272
143,22.858882623512272
144,22.858882623512272
145,22.851083510206195
146,22.77137081390174
147,22.77137081390174
148,22.747834383976794
149,22.738639298524106
150,22.717149583367245
151,22.70846145440788
152,22.70846145440788
153,22.70846145440788
154,22.70846145440788
155,22.70846145440788
156,22.70846145440788
157,22.70846145440788
158,22.701497014487813
159,22.701497014487813
160,22.701497014487813
161,22.681498053724965
162,22.681498053724965
163,22.681498053724965
164,22.54951842464584
165,22.54951842464584
166,22.54397891391102
167,22.517869867647903
168,22.517869867647903
169,22.502467369004876
170,22.497858973931784
171,22.497858973931784
172,22.497858973931784
173,22.497858973931784
174,22.493613383072045
175,22.493613383072045
176,22.47680824837994
177,22.467929320098676
178,22.282002059078934
179,22.282002059078934
180,22.282002059078934
181,22.282002059078934
182,22.282002059078934
183,22.282002059078934
184,22.282002059078934
185,22.282002059078934
186,22.282002059078934
187,22.282002059078934
188,22.282002059078934
189,22.233702039764296
190,22.233702039764296
191,22.233702039764296
192,22.231153583850073
193,22.231153583850073
194,22.22410107628116
195,22.22410107628116
196,22.212244341156122
197,22.212244341156122
198,22.198420312469693
199,22.19772268279104
200,22.19772268279104
201,22.196115900215773
202,22.196115900215773
203,22.196115900215773
204,22.196115900215773
205,22.196115900215773
206,22.196115900215773
207,22.196115900215773
208,22.187740884991285
209,22.187740884991285
210,22.187740884991285
211,22.187740884991285
212,22.18578768744328
213,22.18578768744328
214,22.17269319439538
215,22.17269319439538
216,22.16286977599276
217,22.16286977599276
218,22.135620663063776
219,22.135620663063776
220,22.135620663063776
221,22.133413394327704
222,22.106969444537924
223,22.106969444537924
224,22.106969444537924
225,22.09760755436156
226,22.096114123139444
227,22.096114123139444
228,22.096114123139444
229,22.096114123139444
230,22.096114123139444
231,22.096114123139444
232,22.096114123139444
233,22.096114123139444
234,22.096114123139444
235,22.07591375632029
236,22.07059934331562
237,22.07059934331562
238,22.06320094326452
239,22.05913445264906
240,22.054051820762254
241,22.054051820762254
242,22.054051820762254
243,22.045683613758513
244,22.045683613758513
245,22.045683613758513
246,22.045683613758513
247,22.045683613758513
248,22.045683613758513
249,22.045683613758513
250,22.045683613758513
251,22.045683613758513
252,22.045683613758513
253,22.045683613758513
254,22.045683613758513
255,22.045683613758513
256,22.045683613758513
257,22.045683613758513
258,22.03922358691034
259,22.03922358691034
260,22.03922358691034
261,22.03922358691034
262,22.03922358691034
263,22.03580692781162
264,22.03580692781162
265,22.03580692781162
266,22.03580692781162
267,22.03580692781162
268,22.03488118475468
269,22.033604771966225
270,22.033604771966225
271,22.033604771966225
272,22.033604771966225
273,22.033163659456875
274,22.02503277548874
275,22.014452132357917
276,22.014452132357917
277,22.006648995690625
278,22.004995204148884
279,22.004995204148884
280,22.004995204148884
281,22.004995204148884
282,22.00007520155748
283,22.00007520155748
284,22.00007520155748
285,22.00007520155748
286,22.00007520155748
287,22.00007520155748
288,21.999240457208202
289,21.998812218866135
290,21.998812218866135
291,21.99536187678416
292,21.993437470277854
293,21.993437470277854
294,21.993437470277854
295,21.993437470277854
296,21.993437470277854
297,21.993437470277854
298,21.993437470277854
299,21.99342594176784
300,21.99182370287639
301,21.99173868578856
302,21.99173868578856
303,21.99173868578856
304,21.99173868578856
305,21.99173868578856
306,21.99173868578856
307,21.99173868578856
308,21.987969530596843
309,21.987304870821845
310,21.987304870821845
311,21.987304870821845
312,21.987304870821845
313,21.987304870821845
314,21.987304870821845
315,21.987304870821845
316,21.987304870821845
317,21.987304870821845
318,21.987304870821845
319,21.987304870821845
320,21.987304870821845
321,21.987304870821845
322,21.987304870821845
323,21.987304870821845
324,21.987304870821845
325,21.9781183559669
326,21.9768653582272
327,21.9768653582272
328,21.9768653582272
329,21.9768653582272
330,21.9768653582272
331,21.9768653582272
332,21.9768653582272
333,21.9768653582272
334,21.974028799558084
335,21.974028799558084
336,21.971944343493817
337,21.971944343493817
338,21.971944343493817
339,21.971944343493817
340,21.971944343493817
341,21.971944343493817
342,21.971944343493817
343,21.971944343493817
344,21.971944343493817
345,21.968243271358574
346,21.968243271358574
347,21.968243271358574
348,21.966866275252812
349,21.96631420750026
350,21.966195620256258
351,21.96586012511824
352,21.96586012511824
353,21.96586012511824
354,21.96586012511824
355,21.96586012511824
356,21.96586012511824
357,21.961365455078294
358,21.961365455078294
359,21.954948998456075
360,21.95411611795066
361,21.95411611795066
362,21.95411611795066
363,21.95411611795066
364,21.95411611795066
365,21.95411611795066
366,21.95411611795066
367,21.95411611795066
368,21.95411611795066
369,21.95411611795066
370,21.95411611795066
371,21.95411611795066
372,21.953677404953055
373,21.953677404953055
374,21.952599711058667
375,21.952599711058667
376,21.95014952884611
377,21.95014952884611
378,21.95014952884611
379,21.95014952884611
380,21.95014952884611
381,21.95014952884611
382,21.95014952884611
383,21.949784039613803
384,21.949784039613803
385,21.949784039613803
386,21.949784039613803
387,21.949784039613803
388,21.949784039613803
389,21.949784039613803
390,21.949784039613803
391,21.949784039613803
392,21.948983453574954
393,21.947918359453297
394,21.947282083012112
395,21.947282083012112
396,21.947282083012112
397,21.943871154582155
398,21.943871154582155
399,21.943871154582155
400,21.942199953607826
401,21.942199953607826
402,21.942199953607826
403,21.942199953607826
404,21.942199953607826
405,21.942199953607826
406,21.942199953607826
407,21.942199953607826
408,21.94176607410975
409,21.94176607410975
410,21.93988353848954
411,21.93924526863202
412,21.93924526863202
413,21.93924526863202
414,21.93924526863202
415,21.93924526863202
416,21.93924526863202
417,21.93924526863202
418,21.93924526863202
419,21.93924526863202
420,21.93924526863202
421,21.93924526863202
422,21.93924526863202
423,21.93924526863202
424,21.93924526863202
425,21.93924526863202
426,21.93924526863202
427,21.93924526863202
428,21.93924526863202
429,21.93924526863202
430,21.93924526863202
431,21.93924526863202
432,21.93924526863202
433,21.93924526863202
434,21.93924526863202
435,21.93924526863202
436,21.93924526863202
437,21.93924526863202
438,21.93924526863202
439,21.93924526863202
440,21.93924526863202
441,21.93924526863202
442,21.93924526863202
443,21.93924526863202
444,21.93924526863202
445,21.93924526863202
446,21.93924526863202
447,21.93924526863202
448,21.93924526863202
449,21.93924526863202
450,21.93924526863202
451,21.93924526863202
452,21.93924526863202
453,21.93924526863202
454,21.93924526863202
455,21.93924526863202
456,21.93924526863202
457,21.93924526863202
458,21.93924526863202
459,21.93924526863202
460,21.93924526863202
461,21.93924526863202
462,21.93924526863202
463,21.93924526863202
464,21.93924526863202
465,21.93924526863202
466,21.93924526863202
467,21.93924526863202
468,21.93924526863202
469,21.939201265957195
470,21.939154583352718
471,21.937701428519915
472,21.937701428519915
473,21.937701428519915
474,21.937701428519915
475,21.937701428519915
476,21.935877533854182
477,21.935877533854182
478,21.9319930422526
479,21.9319930422526
480,21.9319930422526
481,21.9319930422526
482,21.9319930422526
483,21.9319930422526
484,21.9319930422526
485,21.9319930422526
486,21.9319930422526
487,21.9319930422526
488,21.9319930422526
489,21.9319930422526
490,21.9319930422526
491,21.9319930422526
492,21.92975289765451
493,21.927867006962856
494,21.927867006962856
495,21.927550888530448
496,21.927550888530448
497,21.927550888530448
498,21.927550888530448
499,21.927550888530448
500,21.927550888530448
501,21.927550888530448
502,21.927550888530448
503,21.927550888530448
504,21.927550888530448
505,21.927550888530448
506,21.927550888530448
507,21.927550888530448
508,21.927550888530448
509,21.927550888530448
510,21.927550888530448
511,21.927550888530448
512,21.927550888530448
513,21.927550888530448
514,21.927550888530448
515,21.927550888530448
516,21.927550888530448
517,21.927550888530448
518,21.927550888530448
519,21.927550888530448
520,21.927550888530448
521,21.927550888530448
522,21.927160780785016
523,21.925497612686343
524,21.919835360938748
525,21.919835360938748
526,21.919835360938748
527,21.919835360938748
528,21.919835360938748
529,21.919835360938748
530,21.919835360938748
531,21.919835360938748
532,21.919835360938748
533,21.919835360938748
534,21.919835360938748
535,21.919835360938748
536,21.919835360938748
537,21.919835360938748
538,21.919835360938748
539,21.919835360938748
540,21.919835360938748
541,21.919835360938748
542,21.919835360938748
543,21.919835360938748
544,21.919835360938748
545,21.919835360938748
546,21.919835360938748
547,21.919835360938748
548,21.919835360938748
549,21.919835360938748
550,21.919835360938748
551,21.919835360938748
552,21.919835360938748
553,21.919835360938748
554,21.919835360938748
555,21.919835360938748
556,21.919835360938748
557,21.919835360938748
558,21.919835360938748
559,21.919835360938748
560,21.919835360938748
561,21.919835360938748
562,21.919835360938748
563,21.919835360938748
564,21.918560052268674
565,21.918560052268674
566,21.918560052268674
567,21.916274243144414
568,21.916023051147818
569,21.915008951665868
570,21.915008951665868
571,21.915008951665868
572,21.915008951665868
573,21.915008951665868
574,21.912873289970207
575,21.912873289970207
576,21.912873289970207
577,21.912873289970207
578,21.912873289970207
579,21.912873289970207
580,21.912873289970207
581,21.912873289970207
582,21.912873289970207
583,21.912873289970207
584,21.912532806822128
585,21.912532806822128
586,21.912532806822128
587,21.912532806822128
588,21.912532806822128
589,21.912532806822128
590,21.912532806822128
591,21.912532806822128
592,21.912532806822128
593,21.912532806822128
594,21.912532806822128
595,21.912532806822128
596,21.912532806822128
597,21.912532806822128
598,21.912532806822128
599,21.912532806822128
600,21.912532806822128
601,21.912532806822128
602,21.912532806822128
603,21.912532806822128
604,21.912224923704343
605,21.912224923704343
606,21.912224923704343
607,21.912224923704343
608,21.912224923704343
609,21.912224923704343
610,21.912224923704343
611,21.912224923704343
612,21.912224923704343
613,21.912224923704343
614,21.90886944778333
615,21.90886944778333
616,21.90886944778333
617,21.90886944778333
618,21.90886944778333
619,21.90886944778333
620,21.90886944778333
621,21.90886944778333
622,21.90886944778333
623,21.90886944778333
624,21.90886944778333
625,21.90886944778333
626,21.90886944778333
627,21.90886944778333
628,21.90886944778333
629,21.904689567495552
630,21.904689567495552
631,21.904689567495552
632,21.904689567495552
633,21.904689567495552
634,21.904689567495552
635,21.904689567495552
636,21.904689567495552
637,21.904689567495552
638,21.904689567495552
639,21.904689567495552
640,21.904689567495552
641,21.904689567495552
642,21.904689567495552
643,21.904689567495552
644,21.904689567495552
645,21.904689567495552
646,21.904689567495552
647,21.904689567495552
648,21.904689567495552
649,21.904689567495552
650,21.904689567495552
651,21.904689567495552
652,21.904689567495552
653,21.904689567495552
654,21.904452886790807
655,21.904452886790807
656,21.904452886790807
657,21.904452886790807
658,21.904452886790807
659,21.904452886790807
660,21.904452886790807
661,21.904452886790807
662,21.904452886790807
663,21.904452886790807
664,21.903204333911958
665,21.903204333911958
666,21.903204333911958
667,21.903204333911958
668,21.903204333911958
669,21.903204333911958
670,21.903204333911958
671,21.903204333911958
672,21.903204333911958
673,21.903079236417682
674,21.903079236417682
675,21.903079236417682
676,21.903079236417682
677,21.903079236417682
678,21.903079236417682
679,21.902038674848995
680,21.902038674848995
681,21.902038674848995
682,21.902038674848995
683,21.902038674848995
684,21.902038674848995
685,21.902038674848995
686,21.902038674848995
687,21.902038674848995
688,21.902038674848995
689,21.902038674848995
690,21.902038674848995
691,21.902038674848995
692,21.902038674848995
693,21.902038674848995
694,21.902038674848995
695,21.902038674848995
696,21.902038674848995
697,21.902038674848995
698,21.902038674848995
699,21.902038674848995
700,21.902038674848995
701,21.902038674848995
702,21.902038674848995
703,21.901736361251608
704,21.90092001338479
705,21.90092001338479
706,21.90092001338479
707,21.90092001338479
708,21.90092001338479
709,21.90092001338479
710,21.90092001338479
711,21.90092001338479
712,21.90092001338479
713,21.90092001338479
714,21.90092001338479
715,21.90092001338479
716,21.90092001338479
717,21.90092001338479
718,21.90092001338479
719,21.90092001338479
720,21.90092001338479
721,21.90092001338479
722,21.90092001338479
723,21.90092001338479
724,21.90092001338479
725,21.90092001338479
726,21.90092001338479
727,21.90092001338479
728,21.900913512256466
729,21.900913512256466
730,21.900913512256466
731,21.900902395252672
732,21.900444899194667
733,21.899246008671525
734,21.899190893003947
735,21.899119753195976
736,21.89903682259893
737,21.89894475127295
738,21.898844536951458
739,21.8987538378463
740,21.898658918932824
741,21.89856974438578
742,21.89846986206777
743,21.898141269635573
744,21.89807499249298
745,21.898023576545484
746,21.89798670435556
747,21.897974013226815
748,21.897974013226815
749,21.897974013226815
750,21.897974013226815
751,21.897974013226815
752,21.897974013226815
753,21.897974013226815
754,21.897853255144582
755,21.897853255144582
756,21.897853255144582
757,21.897853255144582
758,21.897853255144582
759,21.897853255144582
760,21.897853255144582
761,21.897853255144582
762,21.897853255144582
763,21.897853255144582
764,21.897853255144582
765,21.897853255144582
766,21.897853255144582
767,21.897853255144582
768,21.897853255144582
769,21.897853255144582
770,21.897853255144582
771,21.897853255144582
772,21.897853255144582
773,21.897853255144582
774,21.897853255144582
775,21.897853255144582
776,21.897853255144582
777,21.897853255144582
778,21.897853255144582
779,21.89763280782796
780,21.89763280782796
781,21.89763280782796
782,21.89763280782796
783,21.89763280782796
784,21.89763280782796
785,21.89763280782796
786,21.89763280782796
787,21.89763280782796
788,21.89763280782796
789,21.89763280782796
790,21.89763280782796
791,21.89763280782796
792,21.89763280782796
793,21.89763280782796
794,21.89763280782796
795,21.89763280782796
796,21.89763280782796
797,21.89763280782796
798,21.89763280782796
799,21.89763280782796
800,21.89763280782796
801,21.89763280782796
802,21.89763280782796
803,21.89763280782796
804,21.89763280782796
805,21.89763280782796
806,21.89763280782796
807,21.89763280782796
808,21.89763280782796
809,21.89763280782796
810,21.89763280782796
811,21.89763280782796
812,21.89763280782796
813,21.89763280782796
814,21.89763280782796
815,21.89763280782796
816,21.89763280782796
817,21.89763280782796
818,21.89763280782796
819,21.89763280782796
820,21.89763280782796
821,21.89763280782796
822,21.89763280782796
823,21.89763280782796
824,21.89763280782796
825,21.89763280782796
826,21.89763280782796
827,21.89763280782796
828,21.89763280782796
829,21.89763280782796
830,21.89763280782796
831,21.89763280782796
832,21.89763280782796
833,21.89763280782796
834,21.89763280782796
835,21.89763280782796
836,21.89763280782796
837,21.89763280782796
838,21.89763280782796
839,21.89763280782796
840,21.89763280782796
841,21.89763280782796
842,21.89763280782796
843,21.89763280782796
844,21.89763280782796
845,21.89763280782796
846,21.89763280782796
847,21.89763280782796
848,21.89763280782796
849,21.89763280782796
850,21.89763280782796
851,21.89763280782796
852,21.89763280782796
853,21.89763280782796
854,21.89763280782796
855,21.89763280782796
856,21.89763280782796
857,21.89763280782796
858,21.89763280782796
859,21.89763280782796
860,21.89763280782796
861,21.89763280782796
862,21.89763280782796
863,21.89763280782796
864,21.89763280782796
865,21.89763280782796
866,21.89763280782796
867,21.89763280782796
868,21.89763280782796
869,21.89763280782796
870,21.89763280782796
871,21.89763280782796
872,21.89763280782796
873,21.89763280782796
874,21.89763280782796
875,21.89763280782796
876,21.89763280782796
877,21.89763280782796
878,21.89763280782796
879,21.89763280782796
880,21.89763280782796
881,21.89763280782796
882,21.89763280782796
883,21.89763280782796
884,21.89763280782796
885,21.89763280782796
886,21.89763280782796
887,21.89763280782796
888,21.89763280782796
889,21.89763280782796
890,21.89763280782796
891,21.89763280782796
892,21.89763280782796
893,21.89763280782796
894,21.89763280782796
895,21.89763280782796
896,21.89763280782796
897,21.89763280782796
898,21.89763280782796
899,21.89763280782796
900,21.89763280782796
901,21.89763280782796
902,21.89763280782796
903,21.89763280782796
904,21.89763280782796
905,21.89763280782796
906,21.89763280782796
907,21.89763280782796
908,21.89763280782796
909,21.89763280782796
910,21.89763280782796
911,21.89763280782796
912,21.89763280782796
913,21.89763280782796
914,21.89763280782796
915,21.89763280782796
916,21.89763280782796
917,21.89763280782796
918,21.89763280782796
919,21.89763280782796
920,21.89763280782796
921,21.89763280782796
922,21.89763280782796
923,21.89763280782796
924,21.89763280782796
925,21.89763280782796
926,21.89763280782796
927,21.89763280782796
928,21.89763280782796
929,21.89763280782796
930,21.89763280782796
931,21.89763280782796
932,21.89763280782796
933,21.89763280782796
934,21.89763280782796
935,21.89763280782796
936,21.89763280782796
937,21.89763280782796
938,21.89763280782796
939,21.89763280782796
940,21.89763280782796
941,21.89763280782796
942,21.89763280782796
943,21.89763280782796
944,21.89763280782796
945,21.89763280782796
946,21.89763280782796
947,21.89763280782796
948,21.89763280782796
949,21.89763280782796
950,21.89763280782796
951,21.89763280782796
952,21.89763280782796
953,21.89763280782796
954,21.89763280782796
955,21.89763280782796
956,21.89763280782796
957,21.89763280782796
958,21.89763280782796
959,21.89763280782796
960,21.89763280782796
961,21.89763280782796
962,21.89763280782796
963,21.89763280782796
964,21.89763280782796
965,21.89763280782796
966,21.89763280782796
967,21.89763280782796
968,21.89763280782796
969,21.89763280782796
970,21.89763280782796
971,21.89763280782796
972,21.89763280782796
973,21.89763280782796
974,21.89763280782796
975,21.89763280782796
976,21.89763280782796
977,21.89763280782796
978,21.89763280782796
979,21.89763280782796
980,21.89763280782796
981,21.89763280782796
982,21.89763280782796
983,21.89763280782796
984,21.89763280782796
985,21.89763280782796
986,21.89763280782796
987,21.89763280782796
988,21.89763280782796
989,21.89763280782796
990,21.89763280782796
991,21.89763280782796
992,21.89763280782796
993,21.89763280782796
994,21.89763280782796
995,21.89763280782796
996,21.89763280782796
997,21.89763280782796
998,21.89763280782796
999,21.89763280782796
1000,21.89763280782796
1001,21.89763280782796
1002,21.89763280782796
1003,21.89763280782796
1004,21.89763280782796
1005,21.89763280782796
1006,21.89763280782796
1007,21.89763280782796
1008,21.89763280782796
1009,21.89763280782796
1010,21.89763280782796
1011,21.89763280782796
1012,21.89763280782796
1013,21.89763280782796
1014,21.89763280782796
1015,21.89763280782796
1016,21.89763280782796
1017,21.89763280782796
1018,21.89763280782796
1019,21.89763280782796
1020,21.89763280782796
1021,21.89763280782796
1022,21.89763280782796
1023,21.89763280782796
1024,21.89763280782796
1025,21.89763280782796
1026,21.89763280782796
1027,21.89763280782796
1028,21.89763280782796
1029,21.89763280782796
1030,21.89763280782796
1031,21.89763280782796
1032,21.89763280782796
1033,21.89763280782796
1034,21.89763280782796
1035,21.89763280782796
1036,21.89763280782796
1037,21.89763280782796
1038,21.89763280782796
1039,21.89763280782796
1040,21.89763280782796
1041,21.89763280782796
1042,21.89763280782796
1043,21.89763280782796
1044,21.89763280782796
1045,21.89763280782796
1046,21.89763280782796
1047,21.89763280782796
1048,21.89763280782796
1049,21.89763280782796
1050,21.89763280782796
1051,21.89763280782796
1052,21.89763280782796
1053,21.89763280782796
1054,21.89763280782796
1055,21.89763280782796
1056,21.89763280782796
1057,21.89763280782796
1058,21.89763280782796
1059,21.89763280782796
1060,21.89763280782796
1061,21.89763280782796
1062,21.89763280782796
1063,21.89763280782796
1064,21.89763280782796
1065,21.89763280782796
1066,21.89763280782796
1067,21.89763280782796
1068,21.89763280782796
1069,21.89763280782796
1070,21.89763280782796
1071,21.89763280782796
1072,21.89763280782796
1073,21.89763280782796
1074,21.89763280782796
1075,21.89763280782796
1076,21.89763280782796
1077,21.89763280782796
1078,21.89763280782796
1079,21.89763280782796
1080,21.89763280782796
1081,21.89763280782796
1082,21.89763280782796
1083,21.89763280782796
1084,21.89763280782796
1085,21.89763280782796
1086,21.89763280782796
1087,21.89763280782796
1088,21.89763280782796
1089,21.89763280782796
1090,21.89763280782796
1091,21.89763280782796
1092,21.89763280782796
1093,21.89763280782796
1094,21.89763280782796
1095,21.89763280782796
1096,21.89763280782796
1097,21.89763280782796
1098,21.89763280782796
1099,21.89763280782796
1100,21.89763280782796
1101,21.89763280782796
1102,21.89763280782796
1103,21.89763280782796
1104,21.89763280782796
1105,21.89763280782796
1106,21.89763280782796
1107,21.89763280782796
1108,21.89763280782796
1109,21.89763280782796
1110,21.89763280782796
1111,21.89763280782796
1112,21.89763280782796
1113,21.89763280782796
1114,21.89763280782796
1115,21.89763280782796
1116,21.89763280782796
1117,21.89763280782796
1118,21.89763280782796
1119,21.89763280782796
1120,21.89763280782796
1121,21.89763280782796
1122,21.89763280782796
1123,21.89763280782796
1124,21.89763280782796
1125,21.89763280782796
1126,21.89763280782796
1127,21.89763280782796
1128,21.89763280782796
1129,21.89763280782796
1130,21.89763280782796
1131,21.89763280782796
1132,21.89763280782796
1133,21.89763280782796
1134,21.89763280782796
1135,21.89763280782796
1136,21.89763280782796
1137,21.89763280782796
1138,21.89763280782796
1139,21.89763280782796
1140,21.89763280782796
1141,21.89763280782796
1142,21.89763280782796
1143,21.89763280782796
1144,21.89763280782796
1145,21.89763280782796
1146,21.89763280782796
1147,21.89763280782796
1148,21.89763280782796
1149,21.89763280782796
1150,21.89763280782796
1151,21.89763280782796
1152,21.89763280782796
1153,21.89763280782796
1154,21.89763280782796
1155,21.89763280782796
1156,21.89763280782796
1157,21.89763280782796
1158,21.89763280782796
1159,21.89763280782796
1160,21.89763280782796
1161,21.89763280782796
1162,21.89763280782796
1163,21.89763280782796
1164,21.89763280782796
1165,21.89763280782796
1166,21.89763280782796
1167,21.89763280782796
1168,21.89763280782796
1169,21.89763280782796
1170,21.89763280782796
1171,21.89763280782796
1172,21.89763280782796
1173,21.89763280782796
1174,21.89763280782796
1175,21.89763280782796
1176,21.89763280782796
1177,21.89763280782796
1178,21.89763280782796
1179,21.89763280782796
1180,21.89763280782796
1181,21.89763280782796
1182,21.89763280782796
1183,21.89763280782796
1184,21.89763280782796
1185,21.89763280782796
1186,21.89763280782796
1187,21.89763280782796
1188,21.89763280782796
1189,21.89763280782796
1190,21.89763280782796
1191,21.89763280782796
1192,21.89763280782796
1193,21.89763280782796
1194,21.89763280782796
1195,21.89763280782796
1196,21.89763280782796
1197,21.89763280782796
1198,21.89763280782796
1199,21.89763280782796
1200,21.89763280782796
1201,21.89763280782796
1202,21.89763280782796
1203,21.89763280782796
1204,21.89763280782796
1205,21.89763280782796
1206,21.89763280782796
1207,21.89763280782796
1208,21.89763280782796
1209,21.89763280782796
1210,21.89763280782796
1211,21.89763280782796
1212,21.89763280782796
1213,21.89763280782796
1214,21.89763280782796
1215,21.89763280782796
1216,21.89763280782796
1217,21.89763280782796
1218,21.89763280782796
1219,21.89763280782796
1220,21.89763280782796
1221,21.89763280782796
1222,21.89763280782796
1223,21.89763280782796
1224,21.89763280782796
1225,21.89763280782796
1226,21.89763280782796
1227,21.89763280782796
1228,21.89763280782796
1229,21.89763280782796
1230,21.89763280782796
1231,21.89763280782796
1232,21.89763280782796
1233,21.89763280782796
1234,21.89763280782796
1235,21.89763280782796
1236,21.89763280782796
1237,21.89763280782796
1238,21.89763280782796
1239,21.89763280782796
1240,21.89763280782796
1241,21.89763280782796
1242,21.89763280782796
1243,21.89763280782796
1244,21.89763280782796
1245,21.89763280782796
1246,21.89763280782796
1247,21.89763280782796
1248,21.89763280782796
1249,21.89763280782796
1250,21.89763280782796
1251,21.89763280782796
1252,21.89763280782796
1253,21.89763280782796
1254,21.89763280782796
1255,21.89763280782796
1256,21.89763280782796
1257,21.89763280782796
1258,21.89763280782796
1259,21.89763280782796
1260,21.89763280782796
1261,21.89763280782796
1262,21.89763280782796
1263,21.89763280782796
1264,21.89763280782796
1265,21.89763280782796
1266,21.89763280782796
1267,21.89763280782796
1268,21.89763280782796
1269,21.89763280782796
1270,21.89763280782796
1271,21.89763280782796
1272,21.89763280782796
1273,21.89763280782796
1274,21.89763280782796
1275,21.89763280782796
1276,21.89763280782796
1277,21.89763280782796
1278,21.89763280782796
1279,21.89763280782796
1280,21.89763280782796
1281,21.89763280782796
1282,21.89763280782796
1283,21.89763280782796
1284,21.89763280782796
1285,21.89763280782796
1286,21.89763280782796
1287,21.89763280782796
1288,21.89763280782796
1289,21.89763280782796
1290,21.89763280782796
1291,21.89763280782796
1292,21.89763280782796
1293,21.89763280782796
1294,21.89763280782796
1295,21.89763280782796
1296,21.89763280782796
1297,21.89763280782796
1298,21.89763280782796
1299,21.89763280782796
1300,21.89763280782796
1301,21.89763280782796
1302,21.89763280782796
1303,21.89763280782796
1304,21.89763280782796
1305,21.89763280782796
1306,21.89763280782796
1307,21.89763280782796
1308,21.89763280782796
1309,21.89763280782796
1310,21.89763280782796
1311,21.89763280782796
1312,21.89763280782796
1313,21.89763280782796
1314,21.89763280782796
1315,21.89763280782796
1316,21.89763280782796
1317,21.89763280782796
1318,21.89763280782796
1319,21.89763280782796
1320,21.89763280782796
1321,21.89763280782796
1322,21.89763280782796
1323,21.89763280782796
1324,21.89763280782796
1325,21.89763280782796
1326,21.89763280782796
1327,21.89763280782796
1328,21.89763280782796
1329,21.89763280782796
1330,21.89763280782796
1331,21.89763280782796
1332,21.89763280782796
1333,21.89763280782796
1334,21.89763280782796
1335,21.89763280782796
1336,21.89763280782796
1337,21.89763280782796
1338,21.89763280782796
1339,21.89763280782796
1340,21.89763280782796
1341,21.89763280782796
1342,21.89763280782796
1343,21.89763280782796
1344,21.89763280782796
1345,21.89763280782796
1346,21.89763280782796
1347,21.89763280782796
1348,21.89763280782796
1349,21.89763280782796
1350,21.89763280782796
1351,21.89763280782796
1352,21.89763280782796
1353,21.89763280782796
1354,21.89763280782796
1355,21.89763280782796
1356,21.89763280782796
1357,21.89763280782796
1358,21.89763280782796
1359,21.89763280782796
1360,21.89763280782796
1361,21.89763280782796
1362,21.89763280782796
1363,21.89763280782796
1364,21.89763280782796
1365,21.89763280782796
1366,21.89763280782796
1367,21.89763280782796
1368,21.89763280782796
1369,21.89763280782796
1370,21.89763280782796
1371,21.89763280782796
1372,21.89763280782796
1373,21.89763280782796
1374,21.89763280782796
1375,21.89763280782796
1376,21.89763280782796
1377,21.89763280782796
1378,21.89763280782796
1379,21.89763280782796
1380,21.89763280782796
1381,21.89763280782796
1382,21.89763280782796
1383,21.89763280782796
1384,21.89763280782796
1385,21.89763280782796
1386,21.89763280782796
1387,21.89763280782796
1388,21.89763280782796
1389,21.89763280782796
1390,21.89763280782796
1391,21.89763280782796
1392,21.89763280782796
1393,21.89763280782796
1394,21.89763280782796
1395,21.89763280782796
1396,21.89763280782796
1397,21.89763280782796
1398,21.89763280782796
1399,21.89763280782796
1400,21.89763280782796
1401,21.89763280782796
1402,21.89763280782796
1403,21.89763280782796
1404,21.89763280782796
1405,21.89763280782796
1406,21.89763280782796
1407,21.89763280782796
1408,21.89763280782796
1409,21.89763280782796
1410,21.89763280782796
1411,21.89763280782796
1412,21.89763280782796
1413,21.89763280782796
1414,21.89763280782796
1415,21.89763280782796
1416,21.89763280782796
1417,21.89763280782796
1418,21.89763280782796
1419,21.89763280782796
1420,21.89763280782796
1421,21.89763280782796
1422,21.89763280782796
1423,21.89763280782796
1424,21.89763280782796
1425,21.89763280782796
1426,21.89763280782796
1427,21.89763280782796
1428,21.89763280782796
1429,21.89763280782796
1430,21.89763280782796
1431,21.89763280782796
1432,21.89763280782796
1433,21.89763280782796
1434,21.89763280782796
1435,21.89763280782796
1436,21.89763280782796
1437,21.89763280782796
1438,21.89763280782796
1439,21.89763280782796
1440,21.89763280782796
1441,21.89763280782796
1442,21.89763280782796
1443,21.89763280782796
1444,21.89763280782796
1445,21.89763280782796
1446,21.89763280782796
1447,21.89763280782796
1448,21.89763280782796
1449,21.89763280782796
1450,21.89763280782796
1451,21.89763280782796
1452,21.89763280782796
1453,21.89763280782796
1454,21.89763280782796
1455,21.89763280782796
1456,21.89763280782796
1457,21.89763280782796
1458,21.89763280782796
1459,21.89763280782796
1460,21.89763280782796
1461,21.89763280782796
1462,21.89763280782796
1463,21.89763280782796
1464,21.89763280782796
1465,21.89763280782796
1466,21.89763280782796
1467,21.89763280782796
1468,21.89763280782796
1469,21.89763280782796
1470,21.89763280782796
1471,21.89763280782796
1472,21.89763280782796
1473,21.89763280782796
1474,21.89763280782796
1475,21.89763280782796
1476,21.89763280782796
1477,21.89763280782796
1478,21.89763280782796
1479,21.89763280782796
1480,21.89763280782796
1481,21.89763280782796
1482,21.89763280782796
1483,21.89763280782796
1484,21.89763280782796
1485,21.89763280782796
1486,21.89763280782796
1487,21.89763280782796
1488,21.89763280782796
1489,21.89763280782796
1490,21.89763280782796
1491,21.89763280782796
1492,21.89763280782796
1493,21.89763280782796
1494,21.89763280782796
1495,21.89763280782796
1496,21.89763280782796
1497,21.89763280782796
1498,21.89763280782796
1499,21.89763280782796
1500,21.89763280782796
1501,21.89763280782796
1502,21.89763280782796
1503,21.89763280782796
1504,21.89763280782796
1505,21.89763280782796
1506,21.89763280782796
1507,21.89763280782796
1508,21.89763280782796
1509,21.89763280782796
1510,21.89763280782796
1511,21.89763280782796
1512,21.89763280782796
1513,21.89763280782796
1514,21.89763280782796
1515,21.89763280782796
1516,21.89763280782796
1517,21.89763280782796
1518,21.89763280782796
1519,21.89763280782796
1520,21.89763280782796
1521,21.89763280782796
1522,21.89763280782796
1523,21.89763280782796
1524,21.89763280782796
1525,21.89763280782796
1526,21.89763280782796
1527,21.89763280782796
1528,21.89763280782796
1529,21.89763280782796
1530,21.89763280782796
1531,21.89763280782796
1532,21.89763280782796
1533,21.89763280782796
1534,21.89763280782796
1535,21.89763280782796
1536,21.89763280782796
1537,21.89763280782796
1538,21.89763280782796
1539,21.89763280782796
1540,21.89763280782796
1541,21.89763280782796
1542,21.89763280782796
1543,21.89763280782796
1544,21.89763280782796
1545,21.89763280782796
1546,21.89763280782796
1547,21.89763280782796
1548,21.89763280782796
1549,21.89763280782796
1550,21.89763280782796
1551,21.89763280782796
1552,21.89763280782796
1553,21.89763280782796
1554,21.89763280782796
1555,21.89763280782796
1556,21.89763280782796
1557,21.89763280782796
1558,21.89763280782796
1559,21.89763280782796
1560,21.89763280782796
1561,21.89763280782796
1562,21.89763280782796
1563,21.89763280782796
1564,21.89763280782796
1565,21.89763280782796
1566,21.89763280782796
1567,21.89763280782796
1568,21.89763280782796
1569,21.89763280782796
1570,21.89763280782796
1571,21.89763280782796
1572,21.89763280782796
1573,21.89763280782796
1574,21.89763280782796
1575,21.89763280782796
1576,21.89763280782796
1577,21.89763280782796
1578,21.89763280782796
1579,21.89763280782796
1580,21.89763280782796
1581,21.89763280782796
1582,21.89763280782796
1583,21.89763280782796
1584,21.89763280782796
1585,21.89763280782796
1586,21.89763280782796
1587,21.89763280782796
1588,21.89763280782796
1589,21.89763280782796
1590,21.89763280782796
1591,21.89763280782796
1592,21.89763280782796
1593,21.89763280782796
1594,21.89763280782796
1595,21.89763280782796
1596,21.89763280782796
1597,21.89763280782796
1598,21.89763280782796
1599,21.89763280782796
1600,21.89763280782796
1601,21.89763280782796
1602,21.89763280782796
1603,21.89763280782796
1604,21.89763280782796
1605,21.89763280782796
1606,21.89763280782796
1607,21.89763280782796
1608,21.89763280782796
1609,21.89763280782796
1610,21.89763280782796
1611,21.89763280782796
1612,21.89763280782796
1613,21.89763280782796
1614,21.89763280782796
1615,21.89763280782796
1616,21.89763280782796
1617,21.89763280782796
1618,21.89763280782796
1619,21.89763280782796
1620,21.89763280782796
1621,21.89763280782796
1622,21.89763280782796
1623,21.89763280782796
1624,21.89763280782796
1625,21.89763280782796
1626,21.89763280782796
1627,21.89763280782796
1628,21.89763280782796
1629,21.89763280782796
1630,21.89763280782796
1631,21.89763280782796
1632,21.89763280782796
1633,21.89763280782796
1634,21.89763280782796
1635,21.89763280782796
1636,21.89763280782796
1637,21.89763280782796
1638,21.89763280782796
1639,21.89763280782796
1640,21.89763280782796
1641,21.89763280782796
1642,21.89763280782796
1643,21.89763280782796
1644,21.89763280782796
1645,21.89763280782796
1646,21.89763280782796
1647,21.89763280782796
1648,21.89763280782796
1649,21.89763280782796
1650,21.89763280782796
1651,21.89763280782796
1652,21.89763280782796
1653,21.89763280782796
1654,21.89763280782796
1655,21.89763280782796
1656,21.89763280782796
1657,21.89763280782796
1658,21.89763280782796
1659,21.89763280782796
1660,21.89763280782796
1661,21.89763280782796
1662,21.89763280782796
1663,21.89763280782796
1664,21.89763280782796
1665,21.89763280782796
1666,21.89763280782796
1667,21.89763280782796
1668,21.89763280782796
1669,21.89763280782796
1670,21.89763280782796
1671,21.89763280782796
1672,21.89763280782796
1673,21.89763280782796
1674,21.89763280782796
1675,21.89763280782796
1676,21.89763280782796
1677,21.89763280782796
1678,21.89763280782796
1679,21.89763280782796
1680,21.89763280782796
1681,21.89763280782796
1682,21.89763280782796
1683,21.89763280782796
1684,21.89763280782796
1685,21.89763280782796
1686,21.89763280782796
1687,21.89763280782796
1688,21.89763280782796
1689,21.89763280782796
1690,21.89763280782796
1691,21.89763280782796
1692,21.89763280782796
1693,21.89763280782796
1694,21.89763280782796
1695,21.89763280782796
1696,21.89763280782796
1697,21.89763280782796
1698,21.89763280782796
1699,21.89763280782796
1700,21.89763280782796
1701,21.89763280782796
1702,21.89763280782796
1703,21.89763280782796
1704,21.89763280782796
1705,21.89763280782796
1706,21.89763280782796
1707,21.89763280782796
1708,21.89763280782796
1709,21.89763280782796
1710,21.89763280782796
1711,21.89763280782796
1712,21.89763280782796
1713,21.89763280782796
1714,21.89763280782796
1715,21.89763280782796
1716,21.89763280782796
1717,21.89763280782796
1718,21.89763280782796
1719,21.89763280782796
1720,21.89763280782796
1721,21.89763280782796
1722,21.89763280782796
1723,21.89763280782796
1724,21.89763280782796
1725,21.89763280782796
1726,21.89763280782796
1727,21.89763280782796
1728,21.89763280782796
1729,21.89763280782796
1730,21.89763280782796
1731,21.89763280782796
1732,21.89763280782796
1733,21.89763280782796
1734,21.89763280782796
1735,21.89763280782796
1736,21.89763280782796
1737,21.89763280782796
1738,21.89763280782796
1739,21.89763280782796
1740,21.89763280782796
1741,21.89763280782796
1742,21.89763280782796
1743,21.89763280782796
1744,21.89763280782796
1745,21.89763280782796
1746,21.89763280782796
1747,21.89763280782796
1748,21.89763280782796
1749,21.89763280782796
1750,21.89763280782796
1751,21.89763280782796
1752,21.89763280782796
1753,21.89763280782796
1754,21.89763280782796
1755,21.89763280782796
1756,21.89763280782796
1757,21.89763280782796
1758,21.89763280782796
1759,21.89763280782796
1760,21.89763280782796
1761,21.89763280782796
1762,21.89763280782796
1763,21.89763280782796
1764,21.89763280782796
1765,21.89763280782796
1766,21.89763280782796
1767,21.89763280782796
1768,21.89763280782796
1769,21.89763280782796
1770,21.89763280782796
1771,21.89763280782796
1772,21.89763280782796
1773,21.89763280782796
1774,21.89763280782796
1775,21.89763280782796
1776,21.89763280782796
1777,21.89763280782796
1778,21.89763280782796
1779,21.89763280782796
1780,21.89763280782796
1781,21.89763280782796
1782,21.89763280782796
1783,21.89763280782796
1784,21.89763280782796
1785,21.89763280782796
1786,21.89763280782796
1787,21.89763280782796
1788,21.89763280782796
1789,21.89763280782796
1790,21.89763280782796
1791,21.89763280782796
1792,21.89763280782796
1793,21.89763280782796
1794,21.89763280782796
1795,21.89763280782796
1796,21.89763280782796
1797,21.89763280782796
1798,21.89763280782796
1799,21.89763280782796
1800,21.89763280782796
1801,21.89763280782796
1802,21.89763280782796
1803,21.89763280782796
1804,21.89763280782796
1805,21.89763280782796
1806,21.89763280782796
1807,21.89763280782796
1808,21.89763280782796
1809,21.89763280782796
1810,21.89763280782796
1811,21.89763280782796
1812,21.89763280782796
1813,21.89763280782796
1814,21.89763280782796
1815,21.89763280782796
1816,21.89763280782796
1817,21.89763280782796
1818,21.89763280782796
1819,21.89763280782796
1820,21.89763280782796
1821,21.89763280782796
1822,21.89763280782796
1823,21.89763280782796
1824,21.89763280782796
1825,21.89763280782796
1826,21.89763280782796
1827,21.89763280782796
1828,21.89763280782796
1829,21.89763280782796
1830,21.89763280782796
1831,21.89763280782796
1832,21.89763280782796
1833,21.89763280782796
1834,21.89763280782796
1835,21.89763280782796
1836,21.89763280782796
1837,21.89763280782796
1838,21.89763280782796
1839,21.89763280782796
1840,21.89763280782796
1841,21.89763280782796
1842,21.89763280782796
1843,21.89763280782796
1844,21.89763280782796
1845,21.89763280782796
1846,21.89763280782796
1847,21.89763280782796
1848,21.89763280782796
1849,21.89763280782796
1850,21.89763280782796
1851,21.89763280782796
1852,21.89763280782796
1853,21.89763280782796
1854,21.89763280782796
1855,21.89763280782796
1856,21.89763280782796
1857,21.89763280782796
1858,21.89763280782796
1859,21.89763280782796
1860,21.89763280782796
1861,21.89763280782796
1862,21.89763280782796
1863,21.89763280782796
1864,21.89763280782796
1865,21.89763280782796
1866,21.89763280782796
1867,21.89763280782796
1868,21.89763280782796
1869,21.89763280782796
1870,21.89763280782796
1871,21.89763280782796
1872,21.89763280782796
1873,21.89763280782796
1874,21.89763280782796
1875,21.89763280782796
1876,21.89763280782796
1877,21.89763280782796
1878,21.89763280782796
1879,21.89763280782796
1880,21.89763280782796
1881,21.89763280782796
1882,21.89763280782796
1883,21.89763280782796
1884,21.89763280782796
1885,21.89763280782796
1886,21.89763280782796
1887,21.89763280782796
1888,21.89763280782796
1889,21.89763280782796
1890,21.89763280782796
1891,21.89763280782796
1892,21.89763280782796
1893,21.89763280782796
1894,21.89763280782796
1895,21.89763280782796
1896,21.89763280782796
1897,21.89763280782796
1898,21.89763280782796
1899,21.89763280782796
1900,21.89763280782796
1901,21.89763280782796
1902,21.89763280782796
1903,21.89763280782796
1904,21.89763280782796
1905,21.89763280782796
1906,21.89763280782796
1907,21.89763280782796
1908,21.89763280782796
1909,21.89763280782796
1910,21.89763280782796
1911,21.89763280782796
1912,21.89763280782796
1913,21.89763280782796
1914,21.89763280782796
1915,21.89763280782796
1916,21.89763280782796
1917,21.89763280782796
1918,21.89763280782796
1919,21.89763280782796
1920,21.89763280782796
1921,21.89763280782796
1922,21.89763280782796
1923,21.89763280782796
1924,21.89763280782796
1925,21.89763280782796
1926,21.89763280782796
1927,21.89763280782796
1928,21.89763280782796
1929,21.89763280782796
1930,21.89763280782796
1931,21.89763280782796
1932,21.89763280782796
1933,21.89763280782796
1934,21.89763280782796
1935,21.89763280782796
1936,21.89763280782796
1937,21.89763280782796
1938,21.89763280782796
1939,21.89763280782796
1940,21.89763280782796
1941,21.89763280782796
1942,21.89763280782796
1943,21.89763280782796
1944,21.89763280782796
1945,21.89763280782796
1946,21.89763280782796
1947,21.89763280782796
1948,21.89763280782796
1949,21.89763280782796
1950,21.89763280782796
1951,21.89763280782796
1952,21.89763280782796
1953,21.89763280782796
1954,21.89763280782796
1955,21.89763280782796
1956,21.89763280782796
1957,21.89763280782796
1958,21.89763280782796
1959,21.89763280782796
1960,21.89763280782796
1961,21.89763280782796
1962,21.89763280782796
1963,21.89763280782796
1964,21.89763280782796
1965,21.89763280782796
1966,21.89763280782796
1967,21.89763280782796
1968,21.89763280782796
1969,21.89763280782796
1970,21.89763280782796
1971,21.89763280782796
1972,21.89763280782796
1973,21.89763280782796
1974,21.89763280782796
1975,21.89763280782796
1976,21.89763280782796
1977,21.89763280782796
1978,21.89763280782796
1979,21.89763280782796
1980,21.89763280782796
1981,21.89763280782796
1982,21.89763280782796
1983,21.89763280782796
1984,21.89763280782796
1985,21.89763280782796
1986,21.89763280782796
1987,21.89763280782796
1988,21.89763280782796
1989,21.89763280782796
1990,21.89763280782796
1991,21.89763280782796
1992,21.89763280782796
1993,21.89763280782796
1994,21.89763280782796
1995,21.89763280782796
1996,21.89763280782796
1997,21.89763280782796
1998,21.89763280782796
1999,21.89763280782796
2000,21.89763280782796
2001,21.89763280782796
2002,21.89763280782796
2003,21.89763280782796
2004,21.89763280782796
2005,21.89763280782796
2006,21.89763280782796
2007,21.89763280782796
2008,21.89763280782796
2009,21.89763280782796
2010,21.89763280782796
2011,21.89763280782796
2012,21.89763280782796
2013,21.89763280782796
2014,21.89763280782796
2015,21.89763280782796
2016,21.89763280782796
2017,21.89763280782796
2018,21.89763280782796
2019,21.89763280782796
2020,21.89763280782796
2021,21.89763280782796
2022,21.89763280782796
2023,21.89763280782796
2024,21.89763280782796
2025,21.89763280782796
2026,21.89763280782796
2027,21.89763280782796
2028,21.89763280782796
2029,21.89763280782796
2030,21.89763280782796
2031,21.89763280782796
2032,21.89763280782796
2033,21.89763280782796
2034,21.89763280782796
2035,21.89763280782796
2036,21.89763280782796
2037,21.89763280782796
2038,21.89763280782796
2039,21.89763280782796
2040,21.89763280782796
2041,21.89763280782796
2042,21.89763280782796
2043,21.89763280782796
2044,21.89763280782796
2045,21.89763280782796
2046,21.89763280782796
2047,21.89763280782796
2048,21.89763280782796
2049,21.89763280782796
2050,21.89763280782796
2051,21.89763280782796
2052,21.89763280782796
2053,21.89763280782796
2054,21.89763280782796
2055,21.89763280782796
2056,21.89763280782796
2057,21.89763280782796
2058,21.89763280782796
2059,21.89763280782796
2060,21.89763280782796
2061,21.89763280782796
2062,21.89763280782796
2063,21.89763280782796
2064,21.89763280782796
2065,21.89763280782796
2066,21.89763280782796
2067,21.89763280782796
2068,21.89763280782796
2069,21.89763280782796
2070,21.89763280782796
2071,21.89763280782796
2072,21.89763280782796
2073,21.89763280782796
2074,21.89763280782796
2075,21.89763280782796
2076,21.89763280782796
2077,21.89763280782796
2078,21.89763280782796
2079,21.89763280782796
2080,21.89763280782796
2081,21.89763280782796
2082,21.89763280782796
2083,21.89763280782796
2084,21.89763280782796
2085,21.89763280782796
2086,21.89763280782796
2087,21.89763280782796
2088,21.89763280782796
2089,21.89763280782796
2090,21.89763280782796
2091,21.89763280782796
2092,21.89763280782796
2093,21.89763280782796
2094,21.89763280782796
2095,21.89763280782796
2096,21.89763280782796
2097,21.89763280782796
2098,21.89763280782796
2099,21.89763280782796
2100,21.89763280782796
2101,21.89763280782796
2102,21.89763280782796
2103,21.89763280782796
2104,21.89763280782796
2105,21.89763280782796
2106,21.89763280782796
2107,21.89763280782796
2108,21.89763280782796
2109,21.89763280782796
2110,21.89763280782796
2111,21.89763280782796
2112,21.89763280782796
2113,21.89763280782796
2114,21.89763280782796
2115,21.89763280782796
2116,21.89763280782796
2117,21.89763280782796
2118,21.89763280782796
2119,21.89763280782796
2120,21.89763280782796
2121,21.89763280782796
2122,21.89763280782796
2123,21.89763280782796
2124,21.89763280782796
2125,21.89763280782796
2126,21.89763280782796
2127,21.89763280782796
2128,21.89763280782796
2129,21.89763280782796
2130,21.89763280782796
2131,21.89763280782796
2132,21.89763280782796
2133,21.89763280782796
2134,21.89763280782796
2135,21.89763280782796
2136,21.89763280782796
2137,21.89763280782796
2138,21.89763280782796
2139,21.89763280782796
2140,21.89763280782796
2141,21.89763280782796
2142,21.89763280782796
2143,21.89763280782796
2144,21.89763280782796
2145,21.89763280782796
2146,21.89763280782796
2147,21.89763280782796
2148,21.89763280782796
2149,21.89763280782796
2150,21.89763280782796
2151,21.89763280782796
2152,21.89763280782796
2153,21.89763280782796
2154,21.89763280782796
2155,21.89763280782796
2156,21.89763280782796
2157,21.89763280782796
2158,21.89763280782796
2159,21.89763280782796
2160,21.89763280782796
2161,21.89763280782796
2162,21.89763280782796
2163,21.89763280782796
2164,21.89763280782796
2165,21.89763280782796
2166,21.89763280782796
2167,21.89763280782796
2168,21.89763280782796
2169,21.89763280782796
2170,21.89763280782796
2171,21.89763280782796
2172,21.89763280782796
2173,21.89763280782796
2174,21.89763280782796
2175,21.89763280782796
2176,21.89763280782796
2177,21.89763280782796
2178,21.89763280782796
2179,21.89763280782796
2180,21.89763280782796
2181,21.89763280782796
2182,21.89763280782796
2183,21.89763280782796
2184,21.89763280782796
2185,21.89763280782796
2186,21.89763280782796
2187,21.89763280782796
2188,21.89763280782796
2189,21.89763280782796
2190,21.89763280782796
2191,21.89763280782796
2192,21.89763280782796
2193,21.89763280782796
2194,21.89763280782796
2195,21.89763280782796
2196,21.89763280782796
2197,21.89763280782796
2198,21.89763280782796
2199,21.89763280782796
2200,21.89763280782796
2201,21.89763280782796
2202,21.89763280782796
2203,21.89763280782796
2204,21.89763280782796
2205,21.89763280782796
2206,21.89763280782796
2207,21.89763280782796
2208,21.89763280782796
2209,21.89763280782796
2210,21.89763280782796
2211,21.89763280782796
2212,21.89763280782796
2213,21.89763280782796
2214,21.89763280782796
2215,21.89763280782796
2216,21.89763280782796
2217,21.89763280782796
2218,21.89763280782796
2219,21.89763280782796
2220,21.89763280782796
2221,21.89763280782796
2222,21.89763280782796
2223,21.89763280782796
2224,21.89763280782796
2225,21.89763280782796
2226,21.89763280782796
2227,21.89763280782796
2228,21.89763280782796
2229,21.89763280782796
2230,21.89763280782796
2231,21.89763280782796
2232,21.89763280782796
2233,21.89763280782796
2234,21.89763280782796
2235,21.89763280782796
2236,21.89763280782796
2237,21.89763280782796
2238,21.89763280782796
2239,21.89763280782796
2240,21.89763280782796
2241,21.89763280782796
2242,21.89763280782796
2243,21.89763280782796
2244,21.89763280782796
2245,21.89763280782796
2246,21.89763280782796
2247,21.89763280782796
2248,21.89763280782796
2249,21.89763280782796
2250,21.89763280782796
2251,21.89763280782796
2252,21.89763280782796
2253,21.89763280782796
2254,21.89763280782796
2255,21.89763280782796
2256,21.89763280782796
2257,21.89763280782796
2258,21.89763280782796
2259,21.89763280782796
2260,21.89763280782796
2261,21.89763280782796
2262,21.89763280782796
2263,21.89763280782796
2264,21.89763280782796
2265,21.89763280782796
2266,21.89763280782796
2267,21.89763280782796
2268,21.89763280782796
2269,21.89763280782796
2270,21.89763280782796
2271,21.89763280782796
2272,21.89763280782796
2273,21.89763280782796
2274,21.89763280782796
2275,21.89763280782796
2276,21.89763280782796
2277,21.89763280782796
2278,21.89763280782796
2279,21.89763280782796
2280,21.89763280782796
2281,21.89763280782796
2282,21.89763280782796
2283,21.89763280782796
2284,21.89763280782796
2285,21.89763280782796
2286,21.89763280782796
2287,21.89763280782796
2288,21.89763280782796
2289,21.89763280782796
2290,21.89763280782796
2291,21.89763280782796
2292,21.89763280782796
2293,21.89763280782796
2294,21.89763280782796
2295,21.89763280782796
2296,21.89763280782796
2297,21.89763280782796
2298,21.89763280782796
2299,21.89763280782796
2300,21.89763280782796
2301,21.89763280782796
2302,21.89763280782796
2303,21.89763280782796
2304,21.89763280782796
2305,21.89763280782796
2306,21.89763280782796
2307,21.89763280782796
2308,21.89763280782796
2309,21.89763280782796
2310,21.89763280782796
2311,21.89763280782796
2312,21.89763280782796
2313,21.89763280782796
2314,21.89763280782796
2315,21.89763280782796
2316,21.89763280782796
2317,21.89763280782796
2318,21.89763280782796
2319,21.89763280782796
2320,21.89763280782796
2321,21.89763280782796
2322,21.89763280782796
2323,21.89763280782796
2324,21.89763280782796
2325,21.89763280782796
2326,21.89763280782796
2327,21.89763280782796
2328,21.89763280782796
2329,21.89763280782796
2330,21.89763280782796
2331,21.89763280782796
2332,21.89763280782796
2333,21.89763280782796
2334,21.89763280782796
2335,21.89763280782796
2336,21.89763280782796
2337,21.89763280782796
2338,21.89763280782796
2339,21.89763280782796
2340,21.89763280782796
2341,21.89763280782796
2342,21.89763280782796
2343,21.89763280782796
2344,21.89763280782796
2345,21.89763280782796
2346,21.89763280782796
2347,21.89763280782796
2348,21.89763280782796
2349,21.89763280782796
2350,21.89763280782796
2351,21.89763280782796
2352,21.89763280782796
2353,21.89763280782796
2354,21.89763280782796
2355,21.89763280782796
2356,21.89763280782796
2357,21.89763280782796
2358,21.89763280782796
2359,21.89763280782796
2360,21.89763280782796
2361,21.89763280782796
2362,21.89763280782796
2363,21.89763280782796
2364,21.89763280782796
2365,21.89763280782796
2366,21.89763280782796
2367,21.89763280782796
2368,21.89763280782796
2369,21.89763280782796
2370,21.89763280782796
2371,21.89763280782796
2372,21.89763280782796
2373,21.89763280782796
2374,21.89763280782796
2375,21.89763280782796
2376,21.89763280782796
2377,21.89763280782796
2378,21.89763280782796
2379,21.89763280782796
2380,21.89763280782796
2381,21.89763280782796
2382,21.89763280782796
2383,21.89763280782796
2384,21.89763280782796
2385,21.89763280782796
2386,21.89763280782796
2387,21.89763280782796
2388,21.89763280782796
2389,21.89763280782796
2390,21.89763280782796
2391,21.89763280782796
2392,21.89763280782796
2393,21.89763280782796
2394,21.89763280782796
2395,21.89763280782796
2396,21.89763280782796
2397,21.89763280782796
2398,21.89763280782796
2399,21.89763280782796
2400,21.89763280782796
2401,21.89763280782796
2402,21.89763280782796
2403,21.89763280782796
2404,21.89763280782796
2405,21.89763280782796
2406,21.89763280782796
2407,21.89763280782796
2408,21.89763280782796
2409,21.89763280782796
2410,21.89763280782796
2411,21.89763280782796
2412,21.89763280782796
2413,21.89763280782796
2414,21.89763280782796
2415,21.89763280782796
2416,21.89763280782796
2417,21.89763280782796
2418,21.89763280782796
2419,21.89763280782796
2420,21.89763280782796
2421,21.89763280782796
2422,21.89763280782796
2423,21.89763280782796
2424,21.89763280782796
2425,21.89763280782796
2426,21.89763280782796
2427,21.89763280782796
2428,21.89763280782796
2429,21.89763280782796
2430,21.89763280782796
2431,21.89763280782796
2432,21.89763280782796
2433,21.89763280782796
2434,21.89763280782796
2435,21.89763280782796
2436,21.89763280782796
2437,21.89763280782796
2438,21.89763280782796
2439,21.89763280782796
2440,21.89763280782796
2441,21.89763280782796
2442,21.89763280782796
2443,21.89763280782796
2444,21.89763280782796
2445,21.89763280782796
2446,21.89763280782796
2447,21.89763280782796
2448,21.89763280782796
2449,21.89763280782796
2450,21.89763280782796
2451,21.89763280782796
2452,21.89763280782796
2453,21.89763280782796
2454,21.89763280782796
2455,21.89763280782796
2456,21.89763280782796
2457,21.89763280782796
2458,21.89763280782796
2459,21.89763280782796
2460,21.89763280782796
2461,21.89763280782796
2462,21.89763280782796
2463,21.89763280782796
2464,21.89763280782796
2465,21.89763280782796
2466,21.89763280782796
2467,21.89763280782796
2468,21.89763280782796
2469,21.89763280782796
2470,21.89763280782796
2471,21.89763280782796
2472,21.89763280782796
2473,21.89763280782796
2474,21.89763280782796
2475,21.89763280782796
2476,21.89763280782796
2477,21.89763280782796
2478,21.89763280782796
2479,21.89763280782796
2480,21.89763280782796
2481,21.89763280782796
2482,21.89763280782796
2483,21.89763280782796
2484,21.89763280782796
2485,21.89763280782796
2486,21.89763280782796
2487,21.89763280782796
2488,21.89763280782796
2489,21.89763280782796
2490,21.89763280782796
2491,21.89763280782796
2492,21.89763280782796
2493,21.89763280782796
2494,21.89763280782796
2495,21.89763280782796
2496,21.89763280782796
2497,21.89763280782796
2498,21.89763280782796
2499,21.89763280782796
2500,21.89763280782796
2501,21.89763280782796
2502,21.89763280782796
2503,21.89763280782796
2504,21.89763280782796
2505,21.89763280782796
2506,21.89763280782796
2507,21.89763280782796
2508,21.89763280782796
2509,21.89763280782796
2510,21.89763280782796
2511,21.89763280782796
2512,21.89763280782796
2513,21.89763280782796
2514,21.89763280782796
2515,21.89763280782796
2516,21.89763280782796
2517,21.89763280782796
2518,21.89763280782796
2519,21.89763280782796
2520,21.89763280782796
2521,21.89763280782796
2522,21.89763280782796
2523,21.89763280782796
2524,21.89763280782796
2525,21.89763280782796
2526,21.89763280782796
2527,21.89763280782796
2528,21.89763280782796
2529,21.89763280782796
2530,21.89763280782796
2531,21.89763280782796
2532,21.89763280782796
2533,21.89763280782796
2534,21.89763280782796
2535,21.89763280782796
2536,21.89763280782796
2537,21.89763280782796
2538,21.89763280782796
2539,21.89763280782796
2540,21.89763280782796
2541,21.89763280782796
2542,21.89763280782796
2543,21.89763280782796
2544,21.89763280782796
2545,21.89763280782796
2546,21.89763280782796
2547,21.89763280782796
2548,21.89763280782796
2549,21.89763280782796
2550,21.89763280782796
2551,21.89763280782796
2552,21.89763280782796
2553,21.89763280782796
2554,21.89763280782796
2555,21.89763280782796
2556,21.89763280782796
2557,21.89763280782796
2558,21.89763280782796
2559,21.89763280782796
2560,21.89763280782796
2561,21.89763280782796
2562,21.89763280782796
2563,21.89763280782796
2564,21.89763280782796
2565,21.89763280782796
2566,21.89763280782796
2567,21.89763280782796
2568,21.89763280782796
2569,21.89763280782796
2570,21.89763280782796
2571,21.89763280782796
2572,21.89763280782796
2573,21.89763280782796
2574,21.89763280782796
2575,21.89763280782796
2576,21.89763280782796
2577,21.89763280782796
2578,21.89763280782796
2579,21.89763280782796
2580,21.89763280782796
2581,21.89763280782796
2582,21.89763280782796
2583,21.89763280782796
2584,21.89763280782796
2585,21.89763280782796
2586,21.89763280782796
2587,21.89763280782796
2588,21.89763280782796
2589,21.89763280782796
2590,21.89763280782796
2591,21.89763280782796
2592,21.89763280782796
2593,21.89763280782796
2594,21.89763280782796
2595,21.89763280782796
2596,21.89763280782796
2597,21.89763280782796
2598,21.89763280782796
2599,21.89763280782796
2600,21.89763280782796
2601,21.89763280782796
2602,21.89763280782796
2603,21.89763280782796
2604,21.89763280782796
2605,21.89763280782796
2606,21.89763280782796
2607,21.89763280782796
2608,21.89763280782796
2609,21.89763280782796
2610,21.89763280782796
2611,21.89763280782796
2612,21.89763280782796
2613,21.89763280782796
2614,21.89763280782796
2615,21.89763280782796
2616,21.89763280782796
2617,21.89763280782796
2618,21.89763280782796
2619,21.89763280782796
2620,21.89763280782796
2621,21.89763280782796
2622,21.89763280782796
2623,21.89763280782796
2624,21.89763280782796
2625,21.89763280782796
2626,21.89763280782796
2627,21.89763280782796
2628,21.89763280782796
2629,21.89763280782796
2630,21.89763280782796
2631,21.89763280782796
2632,21.89763280782796
2633,21.89763280782796
2634,21.89763280782796
2635,21.89763280782796
2636,21.89763280782796
2637,21.89763280782796
2638,21.89763280782796
2639,21.89763280782796
2640,21.89763280782796
2641,21.89763280782796
2642,21.89763280782796
2643,21.89763280782796
2644,21.89763280782796
2645,21.89763280782796
2646,21.89763280782796
2647,21.89763280782796
2648,21.89763280782796
2649,21.89763280782796
2650,21.89763280782796
2651,21.89763280782796
2652,21.89763280782796
2653,21.89763280782796
2654,21.89763280782796
2655,21.89763280782796
2656,21.89763280782796
2657,21.89763280782796
2658,21.89763280782796
2659,21.89763280782796
2660,21.89763280782796
2661,21.89763280782796
2662,21.89763280782796
2663,21.89763280782796
2664,21.89763280782796
2665,21.89763280782796
2666,21.89763280782796
2667,21.89763280782796
2668,21.89763280782796
2669,21.89763280782796
2670,21.89763280782796
2671,21.89763280782796
2672,21.89763280782796
2673,21.89763280782796
2674,21.89763280782796
2675,21.89763280782796
2676,21.89763280782796
2677,21.89763280782796
2678,21.89763280782796
2679,21.89763280782796
2680,21.89763280782796
2681,21.89763280782796
2682,21.89763280782796
2683,21.89763280782796
2684,21.89763280782796
2685,21.89763280782796
2686,21.89763280782796
2687,21.89763280782796
2688,21.89763280782796
2689,21.89763280782796
2690,21.89763280782796
2691,21.89763280782796
2692,21.89763280782796
2693,21.89763280782796
2694,21.89763280782796
2695,21.89763280782796
2696,21.89763280782796
2697,21.89763280782796
2698,21.89763280782796
2699,21.89763280782796
2700,21.89763280782796
2701,21.89763280782796
2702,21.89763280782796
2703,21.89763280782796
2704,21.89763280782796
2705,21.89763280782796
2706,21.89763280782796
2707,21.89763280782796
2708,21.89763280782796
2709,21.89763280782796
2710,21.89763280782796
2711,21.89763280782796
2712,21.89763280782796
2713,21.89763280782796
2714,21.89763280782796
2715,21.89763280782796
2716,21.89763280782796
2717,21.89763280782796
2718,21.89763280782796
2719,21.89763280782796
2720,21.89763280782796
2721,21.89763280782796
2722,21.89763280782796
2723,21.89763280782796
2724,21.89763280782796
2725,21.89763280782796
2726,21.89763280782796
2727,21.89763280782796
2728,21.89763280782796
2729,21.89763280782796
2730,21.89763280782796
2731,21.89763280782796
2732,21.89763280782796
2733,21.89763280782796
2734,21.89763280782796
2735,21.89763280782796
2736,21.89763280782796
2737,21.89763280782796
2738,21.89763280782796
2739,21.89763280782796
2740,21.89763280782796
2741,21.89763280782796
2742,21.89763280782796
2743,21.89763280782796
2744,21.89763280782796
2745,21.89763280782796
2746,21.89763280782796
2747,21.89763280782796
2748,21.89763280782796
2749,21.89763280782796
2750,21.89763280782796
2751,21.89763280782796
2752,21.89763280782796
2753,21.89763280782796
2754,21.89763280782796
2755,21.89763280782796
2756,21.89763280782796
2757,21.89763280782796
2758,21.89763280782796
2759,21.89763280782796
2760,21.89763280782796
2761,21.89763280782796
2762,21.89763280782796
2763,21.89763280782796
2764,21.89763280782796
2765,21.89763280782796
2766,21.89763280782796
2767,21.89763280782796
2768,21.89763280782796
2769,21.89763280782796
2770,21.89763280782796
2771,21.89763280782796
2772,21.89763280782796
2773,21.89763280782796
2774,21.89763280782796
2775,21.89763280782796
2776,21.89763280782796
2777,21.89763280782796
2778,21.89763280782796
2779,21.89763280782796
2780,21.89763280782796
2781,21.89763280782796
2782,21.89763280782796
2783,21.89763280782796
2784,21.89763280782796
2785,21.89763280782796
2786,21.89763280782796
2787,21.89763280782796
2788,21.89763280782796
2789,21.89763280782796
2790,21.89763280782796
2791,21.89763280782796
2792,21.89763280782796
2793,21.89763280782796
2794,21.89763280782796
2795,21.89763280782796
2796,21.89763280782796
2797,21.89763280782796
2798,21.89763280782796
2799,21.89763280782796
2800,21.89763280782796
2801,21.89763280782796
2802,21.89763280782796
2803,21.89763280782796
2804,21.89763280782796
2805,21.89763280782796
2806,21.89763280782796
2807,21.89763280782796
2808,21.89763280782796
2809,21.89763280782796
2810,21.89763280782796
2811,21.89763280782796
2812,21.89763280782796
2813,21.89763280782796
2814,21.89763280782796
2815,21.89763280782796
2816,21.89763280782796
2817,21.89763280782796
2818,21.89763280782796
2819,21.89763280782796
2820,21.89763280782796
2821,21.89763280782796
2822,21.89763280782796
2823,21.89763280782796
2824,21.89763280782796
2825,21.89763280782796
2826,21.89763280782796
2827,21.89763280782796
2828,21.89763280782796
2829,21.89763280782796
2830,21.89763280782796
2831,21.89763280782796
2832,21.89763280782796
2833,21.89763280782796
2834,21.89763280782796
2835,21.89763280782796
2836,21.89763280782796
2837,21.89763280782796
2838,21.89763280782796
2839,21.89763280782796
2840,21.89763280782796
2841,21.89763280782796
2842,21.89763280782796
2843,21.89763280782796
2844,21.89763280782796
2845,21.89763280782796
2846,21.89763280782796
2847,21.89763280782796
2848,21.89763280782796
2849,21.89763280782796
2850,21.89763280782796
2851,21.89763280782796
2852,21.89763280782796
2853,21.89763280782796
2854,21.89763280782796
2855,21.89763280782796
2856,21.89763280782796
2857,21.89763280782796
2858,21.89763280782796
2859,21.89763280782796
2860,21.89763280782796
2861,21.89763280782796
2862,21.89763280782796
2863,21.89763280782796
2864,21.89763280782796
2865,21.89763280782796
2866,21.89763280782796
2867,21.89763280782796
2868,21.89763280782796
2869,21.89763280782796
2870,21.89763280782796
2871,21.89763280782796
2872,21.89763280782796
2873,21.89763280782796
2874,21.89763280782796
2875,21.89763280782796
2876,21.89763280782796
2877,21.89763280782796
2878,21.89763280782796
2879,21.89763280782796
2880,21.89763280782796
2881,21.89763280782796
2882,21.89763280782796
2883,21.89763280782796
2884,21.89763280782796
2885,21.89763280782796
2886,21.89763280782796
2887,21.89763280782796
2888,21.89763280782796
2889,21.89763280782796
2890,21.89763280782796
2891,21.89763280782796
2892,21.89763280782796
2893,21.89763280782796
2894,21.89763280782796
2895,21.89763280782796
2896,21.89763280782796
2897,21.89763280782796
2898,21.89763280782796
2899,21.89763280782796
2900,21.89763280782796
2901,21.89763280782796
2902,21.89763280782796
2903,21.89763280782796
2904,21.89763280782796
2905,21.89763280782796
2906,21.89763280782796
2907,21.89763280782796
2908,21.89763280782796
2909,21.89763280782796
2910,21.89763280782796
2911,21.89763280782796
2912,21.89763280782796
2913,21.89763280782796
2914,21.89763280782796
2915,21.89763280782796
2916,21.89763280782796
2917,21.89763280782796
2918,21.89763280782796
2919,21.89763280782796
2920,21.89763280782796
2921,21.89763280782796
2922,21.89763280782796
2923,21.89763280782796
2924,21.89763280782796
2925,21.89763280782796
2926,21.89763280782796
2927,21.89763280782796
2928,21.89763280782796
2929,21.89763280782796
2930,21.89763280782796
2931,21.89763280782796
2932,21.89763280782796
2933,21.89763280782796
2934,21.89763280782796
2935,21.89763280782796
2936,21.89763280782796
2937,21.89763280782796
2938,21.89763280782796
2939,21.89763280782796
2940,21.89763280782796
2941,21.89763280782796
2942,21.89763280782796
2943,21.89763280782796
2944,21.89763280782796
2945,21.89763280782796
2946,21.89763280782796
2947,21.89763280782796
2948,21.89763280782796
2949,21.89763280782796
2950,21.89763280782796
2951,21.89763280782796
2952,21.89763280782796
2953,21.89763280782796
2954,21.89763280782796
2955,21.89763280782796
2956,21.89763280782796
2957,21.89763280782796
2958,21.89763280782796
2959,21.89763280782796
2960,21.89763280782796
2961,21.89763280782796
2962,21.89763280782796
2963,21.89763280782796
2964,21.89763280782796
2965,21.89763280782796
2966,21.89763280782796
2967,21.89763280782796
2968,21.89763280782796
2969,21.89763280782796
2970,21.89763280782796
2971,21.89763280782796
2972,21.89763280782796
2973,21.89763280782796
2974,21.89763280782796
2975,21.89763280782796
2976,21.89763280782796
2977,21.89763280782796
2978,21.89763280782796
2979,21.89763280782796
2980,21.89763280782796
2981,21.89763280782796
2982,21.89763280782796
2983,21.89763280782796
2984,21.89763280782796
2985,21.89763280782796
2986,21.89763280782796
2987,21.89763280782796
2988,21.89763280782796
2989,21.89763280782796
2990,21.89763280782796
2991,21.89763280782796
2992,21.89763280782796
2993,21.89763280782796
2994,21.89763280782796
2995,21.89763280782796
2996,21.89763280782796
2997,21.89763280782796
2998,21.89763280782796
2999,21.89763280782796
3000,21.89763280782796
3001,21.89763280782796
3002,21.89763280782796
3003,21.89763280782796
3004,21.89763280782796
3005,21.89763280782796
3006,21.89763280782796
3007,21.89763280782796
3008,21.89763280782796
3009,21.89763280782796
3010,21.89763280782796
3011,21.89763280782796
3012,21.89763280782796
3013,21.89763280782796
3014,21.89763280782796
3015,21.89763280782796
3016,21.89763280782796
3017,21.89763280782796
3018,21.89763280782796
3019,21.89763280782796
3020,21.89763280782796
3021,21.89763280782796
3022,21.89763280782796
3023,21.89763280782796
3024,21.89763280782796
3025,21.89763280782796
3026,21.89763280782796
3027,21.89763280782796
3028,21.89763280782796
3029,21.89763280782796
3030,21.89763280782796
3031,21.89763280782796
3032,21.89763280782796
3033,21.89763280782796
3034,21.89763280782796
3035,21.89763280782796
3036,21.89763280782796
3037,21.89763280782796
3038,21.89763280782796
3039,21.89763280782796
3040,21.89763280782796
3041,21.89763280782796
3042,21.89763280782796
3043,21.89763280782796
3044,21.89763280782796
3045,21.89763280782796
3046,21.89763280782796
3047,21.89763280782796
3048,21.89763280782796
3049,21.89763280782796
3050,21.89763280782796
3051,21.89763280782796
3052,21.89763280782796
3053,21.89763280782796
3054,21.89763280782796
3055,21.89763280782796
3056,21.89763280782796
3057,21.89763280782796
3058,21.89763280782796
3059,21.89763280782796
3060,21.89763280782796
3061,21.89763280782796
3062,21.89763280782796
3063,21.89763280782796
3064,21.89763280782796
3065,21.89763280782796
3066,21.89763280782796
3067,21.89763280782796
3068,21.89763280782796
3069,21.89763280782796
3070,21.89763280782796
3071,21.89763280782796
3072,21.89763280782796
3073,21.89763280782796
3074,21.89763280782796
3075,21.89763280782796
3076,21.89763280782796
3077,21.89763280782796
3078,21.89763280782796
3079,21.89763280782796
3080,21.89763280782796
3081,21.89763280782796
3082,21.89763280782796
3083,21.89763280782796
3084,21.89763280782796
3085,21.89763280782796
3086,21.89763280782796
3087,21.89763280782796
3088,21.89763280782796
3089,21.89763280782796
3090,21.89763280782796
3091,21.89763280782796
3092,21.89763280782796
3093,21.89763280782796
3094,21.89763280782796
3095,21.89763280782796
3096,21.89763280782796
3097,21.89763280782796
3098,21.89763280782796
3099,21.89763280782796
3100,21.89763280782796
3101,21.89763280782796
3102,21.89763280782796
3103,21.89763280782796
3104,21.89763280782796
3105,21.89763280782796
3106,21.89763280782796
3107,21.89763280782796
3108,21.89763280782796
3109,21.89763280782796
3110,21.89763280782796
3111,21.89763280782796
3112,21.89763280782796
3113,21.89763280782796
3114,21.89763280782796
3115,21.89763280782796
3116,21.89763280782796
3117,21.89763280782796
3118,21.89763280782796
3119,21.89763280782796
3120,21.89763280782796
3121,21.89763280782796
3122,21.89763280782796
3123,21.89763280782796
3124,21.89763280782796
3125,21.89763280782796
3126,21.89763280782796
3127,21.89763280782796
3128,21.89763280782796
3129,21.89763280782796
3130,21.89763280782796
3131,21.89763280782796
3132,21.89763280782796
3133,21.89763280782796
3134,21.89763280782796
3135,21.89763280782796
3136,21.89763280782796
3137,21.89763280782796
3138,21.89763280782796
3139,21.89763280782796
3140,21.89763280782796
3141,21.89763280782796
3142,21.89763280782796
3143,21.89763280782796
3144,21.89763280782796
3145,21.89763280782796
3146,21.89763280782796
3147,21.89763280782796
3148,21.89763280782796
3149,21.89763280782796
3150,21.89763280782796
3151,21.89763280782796
3152,21.89763280782796
3153,21.89763280782796
3154,21.89763280782796
3155,21.89763280782796
3156,21.89763280782796
3157,21.89763280782796
3158,21.89763280782796
3159,21.89763280782796
3160,21.89763280782796
3161,21.89763280782796
3162,21.89763280782796
3163,21.89763280782796
3164,21.89763280782796
3165,21.89763280782796
3166,21.89763280782796
3167,21.89763280782796
3168,21.89763280782796
3169,21.89763280782796
3170,21.89763280782796
3171,21.89763280782796
3172,21.89763280782796
3173,21.89763280782796
3174,21.89763280782796
3175,21.89763280782796
3176,21.89763280782796
3177,21.89763280782796
3178,21.89763280782796
3179,21.89763280782796
3180,21.89763280782796
3181,21.89763280782796
3182,21.89763280782796
3183,21.89763280782796
3184,21.89763280782796
3185,21.89763280782796
3186,21.89763280782796
3187,21.89763280782796
3188,21.89763280782796
3189,21.89763280782796
3190,21.89763280782796
3191,21.89763280782796
3192,21.89763280782796
3193,21.89763280782796
3194,21.89763280782796
3195,21.89763280782796
3196,21.89763280782796
3197,21.89763280782796
3198,21.89763280782796
3199,21.89763280782796
3200,21.89763280782796
3201,21.89763280782796
3202,21.89763280782796
3203,21.89763280782796
3204,21.89763280782796
3205,21.89763280782796
3206,21.89763280782796
3207,21.89763280782796
3208,21.89763280782796
3209,21.89763280782796
3210,21.89763280782796
3211,21.89763280782796
3212,21.89763280782796
3213,21.89763280782796
3214,21.89763280782796
3215,21.89763280782796
3216,21.89763280782796
3217,21.89763280782796
3218,21.89763280782796
3219,21.89763280782796
3220,21.89763280782796
3221,21.89763280782796
3222,21.89763280782796
3223,21.89763280782796
3224,21.89763280782796
3225,21.89763280782796
3226,21.89763280782796
3227,21.89763280782796
3228,21.89763280782796
3229,21.89763280782796
3230,21.89763280782796
3231,21.89763280782796
3232,21.89763280782796
3233,21.89763280782796
3234,21.89763280782796
3235,21.89763280782796
3236,21.89763280782796
3237,21.89763280782796
3238,21.89763280782796
3239,21.89763280782796
3240,21.89763280782796
3241,21.89763280782796
3242,21.89763280782796
3243,21.89763280782796
3244,21.89763280782796
3245,21.897388263154937
3246,21.897388263154937
3247,21.897388263154937
3248,21.897388263154937
3249,21.897388263154937
3250,21.897388263154937
3251,21.897388263154937
3252,21.897388263154937
3253,21.897388263154937
3254,21.897388263154937
3255,21.897388263154937
3256,21.897388263154937
3257,21.897388263154937
3258,21.897388263154937
3259,21.897388263154937
3260,21.897388263154937
3261,21.897388263154937
3262,21.897388263154937
3263,21.897388263154937
3264,21.897388263154937
3265,21.897388263154937
3266,21.897388263154937
3267,21.897388263154937
3268,21.897388263154937
3269,21.897388263154937
3270,21.897388263154937
3271,21.897388263154937
3272,21.897388263154937
3273,21.897388263154937
3274,21.897388263154937
3275,21.897388263154937
3276,21.897388263154937
3277,21.897388263154937
3278,21.897388263154937
3279,21.897388263154937
3280,21.897388263154937
3281,21.897388263154937
3282,21.897388263154937
3283,21.897388263154937
3284,21.897388263154937
3285,21.897388263154937
3286,21.897388263154937
3287,21.897388263154937
3288,21.897388263154937
3289,21.897388263154937
3290,21.897388263154937
3291,21.897388263154937
3292,21.897388263154937
3293,21.897388263154937
3294,21.897388263154937
3295,21.897388263154937
3296,21.897388263154937
3297,21.897388263154937
3298,21.897388263154937
3299,21.897388263154937
3300,21.897388263154937
3301,21.897388263154937
3302,21.897388263154937
3303,21.897388263154937
3304,21.897388263154937
3305,21.897388263154937
3306,21.897388263154937
3307,21.897388263154937
3308,21.897388263154937
3309,21.897388263154937
3310,21.897388263154937
3311,21.897388263154937
3312,21.897388263154937
3313,21.897388263154937
3314,21.897388263154937
3315,21.897388263154937
3316,21.897388263154937
3317,21.897388263154937
3318,21.897388263154937
3319,21.897388263154937
3320,21.897388263154937
3321,21.897388263154937
3322,21.897388263154937
3323,21.897388263154937
3324,21.897388263154937
3325,21.897388263154937
3326,21.897388263154937
3327,21.897388263154937
3328,21.897388263154937
3329,21.897388263154937
3330,21.897388263154937
3331,21.897388263154937
3332,21.897388263154937
3333,21.897388263154937
3334,21.897388263154937
3335,21.897388263154937
3336,21.897388263154937
3337,21.897388263154937
3338,21.897388263154937
3339,21.897388263154937
3340,21.897388263154937
3341,21.897388263154937
3342,21.897388263154937
3343,21.897388263154937
3344,21.897388263154937
3345,21.897388263154937
3346,21.897388263154937
3347,21.897388263154937
3348,21.897388263154937
3349,21.897388263154937
3350,21.897388263154937
3351,21.897388263154937
3352,21.897388263154937
3353,21.897388263154937
3354,21.897388263154937
3355,21.897388263154937
3356,21.897388263154937
3357,21.897388263154937
3358,21.897388263154937
3359,21.897388263154937
3360,21.897388263154937
3361,21.897388263154937
3362,21.897388263154937
3363,21.897388263154937
3364,21.897388263154937
3365,21.897388263154937
3366,21.897388263154937
3367,21.897388263154937
3368,21.897388263154937
3369,21.897388263154937
3370,21.897388263154937
3371,21.897388263154937
3372,21.897388263154937
3373,21.897388263154937
3374,21.897388263154937
3375,21.897388263154937
3376,21.897388263154937
3377,21.897388263154937
3378,21.897071912245053
3379,21.897071912245053
3380,21.897071912245053
3381,21.897071912245053
3382,21.897071912245053
3383,21.897071912245053
3384,21.897071912245053
3385,21.897071912245053
3386,21.897071912245053
3387,21.897071912245053
3388,21.897071912245053
3389,21.897071912245053
3390,21.897071912245053
3391,21.897071912245053
3392,21.897071912245053
3393,21.897071912245053
3394,21.89662415878638
3395,21.89662415878638
3396,21.89662415878638
3397,21.89662415878638
3398,21.89662415878638
3399,21.89662415878638
3400,21.89662415878638
3401,21.89662415878638
3402,21.89662415878638
3403,21.89662415878638
3404,21.89662415878638
3405,21.89662415878638
3406,21.89662415878638
3407,21.89662415878638
3408,21.89662415878638
3409,21.89662415878638
3410,21.89662415878638
3411,21.89662415878638
3412,21.89662415878638
3413,21.89662415878638
3414,21.895930750669777
3415,21.895930750669777
3416,21.895930750669777
3417,21.895930750669777
3418,21.895930750669777
3419,21.895930750669777
3420,21.895930750669777
3421,21.895930750669777
3422,21.895930750669777
3423,21.895930750669777
3424,21.895930750669777
3425,21.895930750669777
3426,21.895930750669777
3427,21.895930750669777
3428,21.895930750669777
3429,21.895930750669777
3430,21.895930750669777
3431,21.895930750669777
3432,21.895930750669777
3433,21.895930750669777
3434,21.895930750669777
3435,21.895930750669777
3436,21.895930750669777
3437,21.895930750669777
3438,21.895930750669777
3439,21.895930750669777
3440,21.895930750669777
3441,21.895930750669777
3442,21.895930750669777
3443,21.895930750669777
3444,21.895810320322255
3445,21.895810320322255
3446,21.895810320322255
3447,21.895810320322255
3448,21.895810320322255
3449,21.895810320322255
3450,21.895810320322255
3451,21.895810320322255
3452,21.895810320322255
3453,21.895810320322255
3454,21.895810320322255
3455,21.895810320322255
3456,21.895810320322255
3457,21.895810320322255
3458,21.895810320322255
3459,21.895810320322255
3460,21.895810320322255
3461,21.895810320322255
3462,21.895810320322255
3463,21.895810320322255
3464,21.895810320322255
3465,21.895810320322255
3466,21.895810320322255
3467,21.895810320322255
3468,21.895810320322255
3469,21.895810320322255
3470,21.895810320322255
3471,21.895810320322255
3472,21.895810320322255
3473,21.895810320322255
3474,21.895810320322255
3475,21.895810320322255
3476,21.895810320322255
3477,21.895810320322255
3478,21.895810320322255
3479,21.895810320322255
3480,21.895810320322255
3481,21.895810320322255
3482,21.895810320322255
3483,21.895810320322255
3484,21.895810320322255
3485,21.895810320322255
3486,21.895810320322255
3487,21.895810320322255
3488,21.895810320322255
3489,21.895810320322255
3490,21.895810320322255
3491,21.895810320322255
3492,21.895810320322255
3493,21.895810320322255
3494,21.895810320322255
3495,21.895810320322255
3496,21.895810320322255
3497,21.895810320322255
3498,21.895810320322255
3499,21.895810320322255
