variant,evaluations,best_fitness
SOCIAL_full,0.0,1e-05
SOCIAL_full,1010.10101010101,9.800006733734207e-06
SOCIAL_full,2020.20202020202,9.60401319812358e-06
SOCIAL_full,3030.30303030303,9.411939401248327e-06
SOCIAL_full,4040.40404040404,9.22370695097319e-06
SOCIAL_full,5050.50505050505,9.039239022952824e-06
SOCIAL_full,6060.60606060606,8.858460329277069e-06
SOCIAL_full,7070.707070707071,8.681297087743262e-06
SOCIAL_full,8080.80808080808,8.507676991743111e-06
SOCIAL_full,9090.90909090909,8.337529180751807e-06
SOCIAL_full,10101.0101010101,8.170784211407314e-06
SOCIAL_full,11111.111111111111,8.00737402916808e-06
SOCIAL_full,12121.21212121212,7.84723194053756e-06
SOCIAL_full,13131.31313131313,7.690292585844224e-06
SOCIAL_full,14141.414141414141,7.536491912565962e-06
SOCIAL_full,15151.51515151515,7.385767149187981e-06
SOCIAL_full,16161.61616161616,7.238056779583511e-06
SOCIAL_full,17171.71717171717,7.093300517906894e-06
SOCIAL_full,18181.81818181818,6.951439283988788e-06
SOCIAL_full,19191.91919191919,6.81241517922346e-06
SOCIAL_full,20202.0202020202,6.676171462938303e-06
SOCIAL_full,21212.121212121212,6.542652529235952e-06
SOCIAL_full,22222.222222222223,6.411803884299546e-06
SOCIAL_full,23232.32323232323,6.28357212415187e-06
SOCIAL_full,24242.42424242424,6.157904912859287e-06
SOCIAL_full,25252.52525252525,6.034750961171596e-06
SOCIAL_full,26262.62626262626,5.914060005589062e-06
SOCIAL_full,27272.727272727272,5.795782787848095e-06
SOCIAL_full,28282.828282828283,5.679871034817215e-06
SOCIAL_full,29292.92929292929,5.566277438795059e-06
SOCIAL_full,30303.0303030303,5.454955638202436e-06
SOCIAL_full,31313.13131313131,5.345860198660524e-06
SOCIAL_full,32323.23232323232,5.238946594447482e-06
SOCIAL_full,33333.33333333333,5.134171190325922e-06
SOCIAL_full,34343.43434343434,5.0314912237338194e-06
SOCIAL_full,35353.53535353535,4.930864787331599e-06
SOCIAL_full,36363.63636363636,4.8322508118982554e-06
SOCIAL_full,37373.73737373737,4.7356090495695485e-06
SOCIAL_full,38383.83838383838,4.640900057411421e-06
SOCIAL_full,39393.93939393939,4.5480851813219395e-06
SOCIAL_full,40404.0404040404,4.4571265402551765e-06
SOCIAL_full,41414.14141414141,4.367987010760617e-06
SOCIAL_full,42424.242424242424,4.28063021183176e-06
SOCIAL_full,43434.343434343435,4.195020490057732e-06
SOCIAL_full,44444.444444444445,4.111122905071874e-06
SOCIAL_full,45454.54545454545,4.028903215291331e-06
SOCIAL_full,46464.64646464646,3.948327863941843e-06
SOCIAL_full,47474.74747474747,3.869363965362046e-06
SOCIAL_full,48484.84848484848,3.791979291581654e-06
SOCIAL_full,49494.94949494949,3.7161422591680873e-06
SOCIAL_full,50505.0505050505,3.641821916336151e-06
SOCIAL_full,51515.15151515151,3.5689879303155084e-06
SOCIAL_full,52525.25252525252,3.4976105749708084e-06
SOCIAL_full,53535.35353535353,3.427660718669389e-06
SOCIAL_full,54545.454545454544,3.359109812391624e-06
SOCIAL_full,55555.555555555555,3.291929878079056e-06
SOCIAL_full,56565.656565656565,3.226093497215558e-06
SOCIAL_full,57575.757575757576,3.1615737996368594e-06
SOCIAL_full,58585.85858585858,3.098344452563887e-06
SOCIAL_full,59595.95959595959,3.036379649855411e-06
SOCIAL_full,60606.0606060606,2.975654101475654e-06
SOCIAL_full,61616.16161616161,2.9161430231725214e-06
SOCIAL_full,62626.26262626262,2.8578221263622743e-06
SOCIAL_full,63636.36363636363,2.8006676082164893e-06
SOCIAL_full,64646.46464646464,2.7446561419472867e-06
SOCIAL_full,65656.56565656565,2.6897648672868348e-06
SOCIAL_full,66666.66666666666,2.6359713811572683e-06
SOCIAL_full,67676.76767676767,2.583253728527188e-06
SOCIAL_full,68686.86868686868,2.5315903934510444e-06
SOCIAL_full,69696.9696969697,2.480960290287706e-06
SOCIAL_full,70707.0707070707,2.4313427550946696e-06
SOCIAL_full,71717.17171717172,2.382717537194363e-06
SOCIAL_full,72727.27272727272,2.3350647909091347e-06
SOCIAL_full,73737.37373737374,2.288365067461517e-06
SOCIAL_full,74747.47474747474,2.2425993070365e-06
SOCIAL_full,75757.57575757576,2.197748831002536e-06
SOCIAL_full,76767.67676767676,2.1537953342881333e-06
SOCIAL_full,77777.77777777777,2.1107208779109024e-06
SOCIAL_full,78787.87878787878,2.068507881656022e-06
SOCIAL_full,79797.97979797979,2.027139116901129e-06
SOCIAL_full,80808.0808080808,1.9865976995847077e-06
SOCIAL_full,81818.18181818181,1.9468670833151023e-06
SOCIAL_full,82828.28282828283,1.9079310526173472e-06
SOCIAL_full,83838.38383838383,1.8697737163150594e-06
SOCIAL_full,84848.48484848485,1.8323795010446813e-06
SOCIAL_full,85858.58585858585,1.7957331448994403e-06
SOCIAL_full,86868.68686868687,1.7598196912004214e-06
SOCIAL_full,87878.78787878787,1.7246244823922187e-06
SOCIAL_full,88888.88888888889,1.6901331540606608e-06
SOCIAL_full,89898.9898989899,1.656331629070191e-06
SOCIAL_full,90909.0909090909,1.6232061118184822e-06
SOCIAL_full,91919.19191919192,1.590743082605964e-06
SOCIAL_full,92929.29292929292,1.5589292921179559e-06
SOCIAL_full,93939.39393939394,1.5277517560171464e-06
SOCIAL_full,94949.49494949494,1.4971977496442294e-06
SOCIAL_full,95959.59595959596,1.4672548028245146e-06
SOCIAL_full,96969.69696969696,1.43791069477841e-06
SOCIAL_full,97979.79797979798,1.4091534491336847e-06
SOCIAL_full,98989.89898989898,1.3809713290374893e-06
SOCIAL_full,100000.0,1.3533528323661268e-06
no_elite,0.0,0.0001
no_elite,1010.10101010101,9.778033633681428e-05
no_elite,2020.20202020202,9.56099417414052e-05
no_elite,3030.30303030303,9.348772260617816e-05
no_elite,4040.40404040404,9.141260959794895e-05
no_elite,5050.50505050505,8.938355711913343e-05
no_elite,6060.60606060606,8.739954278089715e-05
no_elite,7070.707070707071,8.54595668879991e-05
no_elite,8080.80808080808,8.356265193507027e-05
no_elite,9090.90909090909,8.170784211407314e-05
no_elite,10101.0101010101,7.989420283269388e-05
no_elite,11111.111111111111,7.812082024342466e-05
no_elite,12121.21212121212,7.638680078309871e-05
no_elite,13131.31313131313,7.469127072264618e-05
no_elite,14141.414141414141,7.303337572684393e-05
no_elite,15151.51515151515,7.141228042383725e-05
no_elite,16161.61616161616,6.982716798421703e-05
no_elite,17171.71717171717,6.827723970943969e-05
no_elite,18181.81818181818,6.676171462938303e-05
no_elite,19191.91919191919,6.527982910883486e-05
no_elite,20202.0202020202,6.38308364627163e-05
no_elite,21212.121212121212,6.241400657984587e-05
no_elite,22222.222222222223,6.1028625555054675e-05
no_elite,23232.32323232323,5.9673995329467435e-05
no_elite,24242.42424242424,5.834943333876809e-05
no_elite,25252.52525252525,5.705427216927266e-05
no_elite,26262.62626262626,5.578785922163623e-05
no_elite,27272.727272727272,5.454955638202436e-05
no_elite,28282.828282828283,5.333873970058354e-05
no_elite,29292.92929292929,5.215479907704846e-05
no_elite,30303.0303030303,5.099713795332769e-05
no_elite,31313.13131313131,4.986517301291297e-05
no_elite,32323.23232323232,4.875833388696063e-05
no_elite,33333.33333333333,4.767606286689699e-05
no_elite,34343.43434343434,4.661781462340289e-05
no_elite,35353.53535353535,4.5583055931635924e-05
no_elite,36363.63636363636,4.457126540255177e-05
no_elite,37373.73737373737,4.3581933220189244e-05
no_elite,38383.83838383838,4.2614560884786826e-05
no_elite,39393.93939393939,4.1668660961601045e-05
no_elite,40404.0404040404,4.074375683530032e-05
no_elite,41414.14141414141,3.98393824698104e-05
no_elite,42424.242424242424,3.895508217349043e-05
no_elite,43434.343434343435,3.8090410369521326e-05
no_elite,44444.444444444445,3.724493137139072e-05
no_elite,45454.54545454545,3.641821916336151e-05
no_elite,46464.64646464646,3.5609857185813016e-05
no_elite,47474.74747474747,3.4819438125347186e-05
no_elite,48484.84848484848,3.404656370955341e-05
no_elite,49494.94949494949,3.329084450632908e-05
no_elite,50505.0505050505,3.2551899727654414e-05
no_elite,51515.15151515151,3.182935703772302e-05
no_elite,52525.25252525252,3.1122852365331024e-05
no_elite,53535.35353535353,3.0432029720430828e-05
no_elite,54545.454545454544,2.9756541014756535e-05
no_elite,55555.555555555555,2.909604588643102e-05
no_elite,56565.656565656565,2.8450211528466066e-05
no_elite,57575.757575757576,2.7818712521069222e-05
no_elite,58585.85858585858,2.720123066767295e-05
no_elite,59595.95959595959,2.6597454834603276e-05
no_elite,60606.0606060606,2.6007080794307348e-05
no_elite,61616.16161616161,2.542981107206075e-05
no_elite,62626.26262626262,2.4865354796077436e-05
no_elite,63636.36363636363,2.431342755094669e-05
no_elite,64646.46464646464,2.3773751234323332e-05
no_elite,65656.56565656565,2.3246053916798883e-05
no_elite,66666.66666666666,2.273006970488314e-05
no_elite,67676.76767676767,2.222553860702705e-05
no_elite,68686.86868686868,2.173220640261956e-05
no_elite,69696.9696969697,2.124982451389208e-05
no_elite,70707.0707070707,2.077814988066649e-05
no_elite,71717.17171717172,2.0316944837883056e-05
no_elite,72727.27272727272,1.986597699584708e-05
no_elite,73737.37373737374,1.9425019123133417e-05
no_elite,74747.47474747474,1.899384903209035e-05
no_elite,75757.57575757576,1.8572249466884678e-05
no_elite,76767.67676767676,1.8160007994032034e-05
no_elite,77777.77777777777,1.7756916895356885e-05
no_elite,78787.87878787878,1.736277306332855e-05
no_elite,79797.97979797979,1.6977377898720448e-05
no_elite,80808.0808080808,1.660053721054082e-05
no_elite,81818.18181818181,1.623206111818482e-05
no_elite,82828.28282828283,1.587176395575837e-05
no_elite,83838.38383838383,1.551946417852579e-05
no_elite,84848.48484848485,1.517498427143392e-05
no_elite,85858.58585858585,1.4838150659666755e-05
no_elite,86868.68686868687,1.4508793621185371e-05
no_elite,87878.78787878787,1.4186747201209317e-05
no_elite,88888.88888888889,1.3871849128596048e-05
no_elite,89898.9898989899,1.3563940734076655e-05
no_elite,90909.0909090909,1.3262866870306309e-05
no_elite,91919.19191919192,1.2968475833689415e-05
no_elite,92929.29292929292,1.2680619287939988e-05
no_elite,93939.39393939394,1.2399152189338664e-05
no_elite,94949.49494949494,1.2123932713648816e-05
no_elite,95959.59595959596,1.1854822184654859e-05
no_elite,96969.69696969696,1.1591685004286793e-05
no_elite,97979.79797979798,1.133438858429569e-05
no_elite,98989.89898989898,1.1082803279445807e-05
no_elite,100000.0,1.0836802322189586e-05
no_mutation,0.0,0.0005
no_mutation,1010.10101010101,0.0004875318263705802
no_mutation,2020.20202020202,0.000475374563448467
no_mutation,3030.30303030303,0.0004635204582562967
no_mutation,4040.40404040404,0.0004519619511476412
no_mutation,5050.50505050505,0.0004406916709860409
no_mutation,6060.60606060606,0.0004297024304442547
no_mutation,7070.707070707071,0.00041898722142072936
no_mutation,8080.80808080808,0.0004085392105703657
no_mutation,9090.90909090909,0.0003983517349467308
no_mutation,10101.0101010101,0.00038841829775293783
no_mutation,11111.111111111111,0.00037873256419848324
no_mutation,12121.21212121212,0.00036928835745939905
no_mutation,13131.31313131313,0.0003600796547391449
no_mutation,14141.414141414141,0.0003511005834277265
no_mutation,15151.51515151515,0.00034234541735659154
no_mutation,16161.61616161616,0.00033380857314691513
no_mutation,17171.71717171717,0.00032548460664894594
no_mutation,18181.81818181818,0.00031736820947014094
no_mutation,19191.91919191919,0.00030945420558987734
no_mutation,20202.0202020202,0.0003017375480585798
no_mutation,21212.121212121212,0.0002942133157791602
no_mutation,22222.222222222223,0.00028687671036871636
no_mutation,23232.32323232323,0.00027972305309848856
no_mutation,24242.42424242424,0.00027274778191012177
no_mutation,25252.52525252525,0.0002659464485063327
no_mutation,26262.62626262626,0.00025931471551412366
no_mutation,27272.727272727272,0.0002528483537187363
no_mutation,28282.828282828283,0.0002465432393665799
no_mutation,29292.92929292929,0.00024039535153541568
no_mutation,30303.0303030303,0.00023440076957011768
no_mutation,31313.13131313131,0.00022855567058237798
no_mutation,32323.23232323232,0.0002228563270127588
no_mutation,33333.33333333333,0.00021729910425353913
no_mutation,34343.43434343434,0.00021188045833083808
no_mutation,35353.53535353535,0.0002065969336445382
no_mutation,36363.63636363636,0.0002014451607645665
no_mutation,37373.73737373737,0.0001964218542821285
no_mutation,38383.83838383838,0.00019152381071452413
no_mutation,39393.93939393939,0.0001867479064622105
no_mutation,40404.0404040404,0.00018209109581680748
no_mutation,41414.14141414141,0.00017755040901877694
no_mutation,42424.242424242424,0.00017312295036353567
no_mutation,43434.343434343435,0.00016880589635479568
no_mutation,44444.444444444445,0.0001645964939039528
no_mutation,45454.54545454545,0.00016049205857437634
no_mutation,46464.64646464646,0.00015648997286947966
no_mutation,47474.74747474747,0.0001525876845634799
no_mutation,48484.84848484848,0.0001487827050737827
no_mutation,49494.94949494949,0.00014507260787395332
no_mutation,50505.0505050505,0.00014145502694626295
no_mutation,51515.15151515151,0.0001379276552728224
no_mutation,52525.25252525252,0.00013448824336434174
no_mutation,53535.35353535353,0.00013113459782557722
no_mutation,54545.454545454544,0.0001278645799565503
no_mutation,55555.555555555555,0.0001246761043886481
no_mutation,56565.656565656565,0.00012156713775473344
no_mutation,57575.757575757576,0.00011853569739241818
no_mutation,58585.85858585858,0.00011557985007967213
no_mutation,59595.95959595959,0.00011269771080196078
no_mutation,60606.0606060606,0.00010988744155012682
no_mutation,61616.16161616161,0.00010714725014824741
no_mutation,62626.26262626262,0.00010447538911072094
no_mutation,63636.36363636363,0.0001018701545278536
no_mutation,64646.46464646464,9.932988497923539e-05
no_mutation,65656.56565656565,9.685296047421255e-05
no_mutation,66666.66666666666,9.443780141878094e-05
no_mutation,67676.76767676767,9.208286760824087e-05
no_mutation,68686.86868686868,8.978665724497204e-05
no_mutation,69696.9696969697,8.754770598070096e-05
no_mutation,70707.0707070707,8.536458598265143e-05
no_mutation,71717.17171717172,8.323590502298093e-05
no_mutation,72727.27272727272,8.11603055909241e-05
no_mutation,73737.37373737374,7.913646402707525e-05
no_mutation,74747.47474747474,7.716308967925944e-05
no_mutation,75757.57575757576,7.523892407945242e-05
no_mutation,76767.67676767676,7.336274014122573e-05
no_mutation,77777.77777777777,7.153334137720411e-05
no_mutation,78787.87878787878,6.974956113603704e-05
no_mutation,79797.97979797979,6.801026185839714e-05
no_mutation,80808.0808080808,6.63143343515315e-05
no_mutation,81818.18181818181,6.466069708190294e-05
no_mutation,82828.28282828283,6.304829548546998e-05
no_mutation,83838.38383838383,6.147610129516637e-05
no_mutation,84848.48484848485,5.994311188515048e-05
no_mutation,85858.58585858585,5.8448349631406895e-05
no_mutation,86868.68686868687,5.699086128829204e-05
no_mutation,87878.78787878787,5.5569717380626836e-05
no_mutation,88888.88888888889,5.418401161094793e-05
no_mutation,89898.9898989899,5.2832860281540346e-05
no_mutation,90909.0909090909,5.15154017308821e-05
no_mutation,91919.19191919192,5.023079578414219e-05
no_mutation,92929.29292929292,4.897822321738096e-05
no_mutation,93939.39393939394,4.775688523511138e-05
no_mutation,94949.49494949494,4.656600296088809e-05
no_mutation,95959.59595959596,4.540481694059924e-05
no_mutation,96969.69696969696,4.427258665814442e-05
no_mutation,97979.79797979798,4.3168590063189835e-05
no_mutation,98989.89898989898,4.209212311069965e-05
no_mutation,100000.0,4.10424993119494e-05
